city,scenario,method,delta_pct,delta_pct_min,delta_pct_max,share_cells_reduced,delta_pct_extensive,delta_pct_intensive,baseline_mean,clipped_share,delta_pct_seed42,ci_lo,ci_hi,lgbm,rf,xgb,pdp_direction,pdp_low,pdp_high,sd_reliable
纽约·暴力犯罪,减少沿街商业外摆与停车占用,quartile,-1.7825779954678622,-4.216668612581588,0.5710794161791691,0.22339336492890996,-0.29664700763340496,-1.5118072747726277,24.306281804762424,0.0,-1.621282935142517,-1.9474244862794876,-1.2856959462165836,-3.13,0.06,-2.28,上升,24.03504180908203,24.511384963989258,True
纽约·暴力犯罪,减少沿街商业外摆与停车占用,sd,-1.9281618432017218,-4.8688233961378975,0.40027341899030916,0.3558041074249605,0.2547295857028361,-2.1764751615239772,24.306281804762424,0.8748436018957346,-1.9652360677719116,-2.397434413433075,-1.5256929308176042,-3.13,0.06,-2.28,上升,24.03504180908203,24.511384963989258,False
纽约·暴力犯罪,清理占道人行道的设施,quartile,-5.392018509586184,-12.142760276794434,-0.5547924512493717,0.21445813586097945,0.02277928842236778,-5.390212521479394,24.306281804762424,0.0,-8.16538143157959,-9.96367688179016,-6.237142407894135,-6.31,-2.18,-7.69,上升,22.30205879211426,25.652001190185548,True
纽约·暴力犯罪,清理占道人行道的设施,sd,-3.493431463019879,-11.145306587219238,3.079057120328634,0.35277093206951027,0.2842021201348477,-3.704965798475493,24.306281804762424,0.18191469194312798,-8.89420223236084,-10.845338606834412,-6.454783463478089,-6.31,-2.18,-7.69,上升,22.30205879211426,25.652001190185548,True
纽约·暴力犯罪,组合情景（全部措施）,quartile,-5.359546061050444,-16.239728927612305,9.880646740124394,0.32830331753554504,-0.5486862863258235,-4.709306476765487,24.306281804762424,0.0,-10.77593994140625,-12.77145745754242,-8.853958320617677,-9.12,3.75,-10.71,,,,True
纽约·暴力犯罪,组合情景（全部措施）,sd,-0.7642184379661923,-21.293885880459353,67.95726798110162,0.5488909952606635,-6.971130826358288,7.879830208050636,24.306281804762424,0.8748436018957346,-19.08238983154297,-21.701576948165894,-15.931264543533326,-9.12,3.75,-10.71,,,,False
纽约·暴力犯罪,降低围合度（改善视觉通透性）,quartile,1.2782351905603961,-3.5253233909606934,9.26668229310071,0.16538388625592415,-0.21071190008771754,1.5770257471406892,24.306281804762424,0.0,-1.6576557159423828,-2.469075953960419,-0.8721202865242959,-0.37,5.82,-1.62,上升,21.23416061401367,22.780862045288085,True
纽约·暴力犯罪,降低围合度（改善视觉通透性）,sd,3.2097396618445155,-15.883865356445312,64.98973545339196,0.5958799368088468,-7.233224259532999,12.20272121006926,24.306281804762424,0.22244549763033175,-12.717893600463867,-14.77801959514618,-10.768567276000978,-0.37,5.82,-1.62,上升,21.23416061401367,22.780862045288085,False
纽约·财产犯罪,减少沿街商业外摆与停车占用,quartile,-1.5187927448482328,-5.92441372402141,1.7966695310530694,0.21019905213270143,-0.30286877223497516,-1.2163801875390128,45.910047767226374,0.0,-0.6675288081169128,-1.2728392243385314,-0.10228860080242212,-3.27,0.71,-2.0,下降,47.396183013916016,46.768331909179686,True
纽约·财产犯罪,减少沿街商业外摆与停车占用,sd,-0.8970368877740031,-3.8239760398864746,2.0436326361462127,0.3648530805687204,0.10452473574753371,-0.9958685183544242,45.910047767226374,0.8748436018957346,-0.5255823135375977,-0.9994138181209564,-0.0664258468896151,-3.27,0.71,-2.0,下降,47.396183013916016,46.768331909179686,False
纽约·财产犯罪,清理占道人行道的设施,quartile,-2.6249699998518508,-6.612908363342285,0.08273837187236617,0.2035007898894155,0.09850130695101823,-2.7029963572256377,45.910047767226374,0.0,-3.9264492988586426,-4.6534674048423765,-3.1740420341491706,-3.28,-0.31,-4.28,上升,47.02107543945313,49.15436019897461,True
纽约·财产犯罪,清理占道人行道的设施,sd,-2.0779782793783417,-8.548960188720185,7.692874772961195,0.38134597156398103,0.23043286571339971,-2.271156756345088,45.910047767226374,0.18191469194312798,-4.276549339294434,-5.040447139739991,-3.4086501240730285,-3.28,-0.31,-4.28,上升,47.02107543945313,49.15436019897461,True
纽约·财产犯罪,组合情景（全部措施）,quartile,-7.345128839339365,-18.069451566521458,11.390427849309912,0.35042022116903637,-0.7377932911756554,-6.453308847344598,45.910047767226374,0.0,-10.821672439575195,-12.855656695365905,-9.03104054927826,-14.69,5.29,-12.63,,,,True
纽约·财产犯罪,组合情景（全部措施）,sd,-6.454065231175877,-22.736745311069587,28.77495860003108,0.5152227488151658,-4.7184042215674715,-0.9443424473167416,45.910047767226374,0.8748436018957346,-17.579702377319336,-19.380010843276978,-15.505181169509887,-14.69,5.29,-12.63,,,,False
纽约·财产犯罪,降低围合度（改善视觉通透性）,quartile,-4.145589471829676,-12.9465454504756,8.90640467798568,0.19797788309636652,-0.3550897846959283,-3.6625257922885215,45.910047767226374,0.0,-7.122250080108643,-8.589740252494812,-5.707098603248596,-9.17,4.87,-8.13,上升,37.976532745361325,48.6336051940918,True
纽约·财产犯罪,降低围合度（改善视觉通透性）,sd,-4.860548605764944,-16.47407044713274,19.282704934991067,0.5593680884676145,-4.63677746416855,0.42293432816190824,45.910047767226374,0.22244549763033175,-14.736406326293945,-16.56461501121521,-13.038858604431153,-9.17,4.87,-8.13,上升,37.976532745361325,48.6336051940918,False
香港·交通事故,减少沿街商业外摆与停车占用,quartile,-0.8674001142214354,-1.1345443725585938,-0.5382715308009505,0.19734446942927508,-0.7251556046608456,-0.18884875501006257,4.068618651504981,0.0,-1.1345443725585938,-1.4968471556901932,-0.7406282410025598,-0.78,-0.93,-0.89,上升,3.9780614376068115,4.06482424736023,True
香港·交通事故,减少沿街商业外摆与停车占用,sd,-0.42513751295850344,-0.8027094527179132,0.12961503568217564,0.23261591176785526,-0.27031817801165386,-0.18041361874039955,4.068618651504981,0.9633151300995824,-0.8020115494728088,-1.1477793961763383,-0.42452545464038877,-0.78,-0.93,-0.89,上升,3.9780614376068115,4.06482424736023,False
香港·交通事故,清理占道人行道的设施,quartile,-2.201724099716716,-4.743464312003006,-0.6544123300985274,0.19254738194667526,0.2427141611618061,-2.4463769738145458,4.068618651504981,0.0,-1.0522524118423462,-1.50490043759346,-0.5904010593891145,-3.03,-1.24,-2.33,上升,3.7948846340179445,3.892134761810303,True
香港·交通事故,清理占道人行道的设施,sd,-2.447727796050118,-6.411011918101404,1.9098019281554452,0.4406253346182675,-0.003890893903363087,-2.4460879599022305,4.068618651504981,0.13234821715387085,-3.1060099601745605,-3.559090036153793,-2.569427466392517,-3.03,-1.24,-2.33,上升,3.7948846340179445,3.892134761810303,True
香港·交通事故,组合情景（全部措施）,quartile,-3.0380985104989624,-5.985950479109388,-1.5466410600126916,0.2823214476924724,-0.4787761347042973,-2.616389963528668,4.068618651504981,0.0,-2.103234052658081,-2.6136453449726105,-1.5359203875064853,-3.78,-2.16,-3.17,,,,True
香港·交通事故,组合情景（全部措施）,sd,-2.7655800173676015,-6.968658293583413,1.2257886866485834,0.44068958132562375,-0.34382149129164363,-2.4634422495316146,4.068618651504981,0.9633151300995824,-3.85012149810791,-4.586003947257995,-3.1336971163749694,-3.78,-2.16,-3.17,,,,False
