city,target,scenario,method,algo,seed,n_test,n_cells_affected,baseline_mean,scenario_mean,delta_mean,delta_pct,delta_pct_extensive,delta_pct_intensive,share_cells_reduced,clipped_share
纽约·财产犯罪,y_property,降低围合度（改善视觉通透性）,quartile,xgb,42,5275,1281,48.366455078125,44.92167663574219,-3.444780111312866,-7.122250080108643,0.17941291630268097,-7.271271705627441,0.14938388625592416,0.0
纽约·财产犯罪,y_property,清理占道人行道的设施,quartile,xgb,42,5275,1319,48.366455078125,46.467369079589844,-1.8990843296051025,-3.9264492988586426,-0.04046687111258507,-3.882620096206665,0.1618957345971564,0.0
纽约·财产犯罪,y_property,减少沿街商业外摆与停车占用,quartile,xgb,42,5275,1360,48.366455078125,48.04359436035156,-0.3228600323200226,-0.6675288081169128,-0.6179050207138062,-0.05051587522029877,0.12151658767772512,0.0
纽约·财产犯罪,y_property,组合情景（全部措施）,quartile,xgb,42,5275,3960,48.366455078125,43.13239288330078,-5.2340593338012695,-10.821672439575195,-0.6479742527008057,-10.212697982788086,0.33156398104265405,0.0
纽约·财产犯罪,y_property,降低围合度（改善视觉通透性）,sd,xgb,42,5275,5275,48.366455078125,41.238975524902344,-7.127477169036865,-14.736406326293945,-4.485688209533691,-10.700356483459473,0.6938388625592417,0.22180094786729856
纽约·财产犯罪,y_property,清理占道人行道的设施,sd,xgb,42,5275,5275,48.366455078125,46.298038482666016,-2.068415403366089,-4.276549339294434,0.08883555233478546,-4.38145112991333,0.4109952606635071,0.18180094786729858
纽约·财产犯罪,y_property,减少沿街商业外摆与停车占用,sd,xgb,42,5275,5275,48.366455078125,48.11225128173828,-0.25420552492141724,-0.5255823135375977,-0.19382350146770477,-0.32929500937461853,0.32909952606635073,0.8699526066350711
纽约·财产犯罪,y_property,组合情景（全部措施）,sd,xgb,42,5275,15825,48.366455078125,39.863773345947266,-8.502678871154785,-17.579702377319336,-4.940886974334717,-13.243303298950195,0.6288151658767772,0.8699526066350711
纽约·财产犯罪,y_property,降低围合度（改善视觉通透性）,quartile,xgb,7,5275,1250,42.154518127441406,38.246368408203125,-3.908148765563965,-9.271008491516113,0.11488433182239532,-9.323678970336914,0.16398104265402844,0.0
纽约·财产犯罪,y_property,清理占道人行道的设施,quartile,xgb,7,5275,1351,42.154518127441406,40.454498291015625,-1.7000244855880737,-4.032840251922607,0.16708368062973022,-4.163285732269287,0.15203791469194314,0.0
纽约·财产犯罪,y_property,减少沿街商业外摆与停车占用,quartile,xgb,7,5275,1268,42.154518127441406,41.26271438598633,-0.8918049931526184,-2.1155619621276855,-0.11954154074192047,-2.0027801990509033,0.1605687203791469,0.0
纽约·财产犯罪,y_property,组合情景（全部措施）,quartile,xgb,7,5275,3869,42.154518127441406,36.13523864746094,-6.019280910491943,-14.279088973999023,-0.20105494558811188,-14.089744567871094,0.35601895734597155,0.0
纽约·财产犯罪,y_property,降低围合度（改善视觉通透性）,sd,xgb,7,5275,5275,42.154518127441406,36.51592254638672,-5.638594627380371,-13.376014709472656,-3.693984270095825,-9.810474395751953,0.677345971563981,0.22540284360189575
纽约·财产犯罪,y_property,清理占道人行道的设施,sd,xgb,7,5275,5275,42.154518127441406,40.24918746948242,-1.9053313732147217,-4.519874572753906,0.3140270411968231,-4.842536449432373,0.3939336492890995,0.18672985781990523
纽约·财产犯罪,y_property,减少沿街商业外摆与停车占用,sd,xgb,7,5275,5275,42.154518127441406,41.33740234375,-0.8171166181564331,-1.9383844137191772,-0.0903768464922905,-1.8481804132461548,0.376303317535545,0.8822748815165877
纽约·财产犯罪,y_property,组合情景（全部措施）,sd,xgb,7,5275,15825,42.154518127441406,34.26251220703125,-7.892004489898682,-18.721609115600586,-3.710212469100952,-15.178000450134277,0.6445497630331753,0.8822748815165877
纽约·财产犯罪,y_property,降低围合度（改善视觉通透性）,quartile,xgb,2024,5275,1298,44.74455261230469,41.176902770996094,-3.5676467418670654,-7.973365783691406,0.5679336190223694,-8.490484237670898,0.1442654028436019,0.0
纽约·财产犯罪,y_property,清理占道人行道的设施,quartile,xgb,2024,5275,1266,44.74455261230469,42.65000534057617,-2.094546318054199,-4.6811203956604,0.15711355209350586,-4.806652069091797,0.14559241706161138,0.0
纽约·财产犯罪,y_property,减少沿街商业外摆与停车占用,quartile,xgb,2024,5275,1330,44.74455261230469,42.846675872802734,-1.8978753089904785,-4.241578578948975,-0.21179983019828796,-4.031064510345459,0.20682464454976304,0.0
纽约·财产犯罪,y_property,组合情景（全部措施）,quartile,xgb,2024,5275,3894,44.74455261230469,39.04470443725586,-5.699845314025879,-12.738636016845703,0.11205385625362396,-12.825434684753418,0.3543127962085308,0.0
纽约·财产犯罪,y_property,降低围合度（改善视觉通透性）,sd,xgb,2024,5275,5275,44.74455261230469,38.60747528076172,-6.137073516845703,-13.715800285339355,-4.026444911956787,-10.112668991088867,0.7581042654028436,0.21649289099526067
纽约·财产犯罪,y_property,清理占道人行道的设施,sd,xgb,2024,5275,5275,44.74455261230469,41.98377227783203,-2.760779619216919,-6.170091152191162,0.30063313245773315,-6.491883277893066,0.3986729857819905,0.1747867298578199
纽约·财产犯罪,y_property,减少沿街商业外摆与停车占用,sd,xgb,2024,5275,5275,44.74455261230469,43.627357482910156,-1.1171947717666626,-2.496828556060791,0.3313073515892029,-2.8178153038024902,0.38350710900473933,0.8703317535545023
纽约·财产犯罪,y_property,组合情景（全部措施）,sd,xgb,2024,5275,15825,44.74455261230469,36.24968338012695,-8.494868278503418,-18.98525619506836,-3.480884313583374,-15.983060836791992,0.7099526066350711,0.8703317535545023
纽约·财产犯罪,y_property,降低围合度（改善视觉通透性）,quartile,xgb,101,5275,1322,48.400875091552734,45.27256774902344,-3.128310441970825,-6.463334560394287,-0.1765909194946289,-6.283117294311523,0.16246445497630332,0.0
纽约·财产犯罪,y_property,清理占道人行道的设施,quartile,xgb,101,5275,1415,48.400875091552734,47.353721618652344,-1.0471540689468384,-2.1635024547576904,0.2530311346054077,-2.3845653533935547,0.14559241706161138,0.0
纽约·财产犯罪,y_property,减少沿街商业外摆与停车占用,quartile,xgb,101,5275,1280,48.400875091552734,48.057498931884766,-0.34338080883026123,-0.7094516754150391,-0.33549919724464417,-0.36881762742996216,0.1076777251184834,0.0
纽约·财产犯罪,y_property,组合情景（全部措施）,quartile,xgb,101,5275,4017,48.400875091552734,44.202308654785156,-4.1985650062561035,-8.674564361572266,-0.5029738545417786,-8.17673110961914,0.3071090047393365,0.0
纽约·财产犯罪,y_property,降低围合度（改善视觉通透性）,sd,xgb,101,5275,5275,48.400875091552734,42.385772705078125,-6.015103816986084,-12.427675247192383,-4.667196273803711,-7.74638032913208,0.6792417061611374,0.22540284360189575
纽约·财产犯罪,y_property,清理占道人行道的设施,sd,xgb,101,5275,5275,48.400875091552734,46.615478515625,-1.785396933555603,-3.688769817352295,0.735222578048706,-4.420165538787842,0.4219905213270142,0.1770616113744076
纽约·财产犯罪,y_property,减少沿街商业外摆与停车占用,sd,xgb,101,5275,5275,48.400875091552734,48.13372802734375,-0.2671498656272888,-0.5519525408744812,0.3124519884586334,-0.8654534816741943,0.35033175355450236,0.8798104265402844
纽约·财产犯罪,y_property,组合情景（全部措施）,sd,xgb,101,5275,15825,48.400875091552734,41.24750518798828,-7.153374671936035,-14.77943229675293,-3.9629569053649902,-10.861021041870117,0.620473933649289,0.8798104265402844
纽约·财产犯罪,y_property,降低围合度（改善视觉通透性）,quartile,xgb,555,5275,1346,46.00497817993164,41.47835159301758,-4.526625633239746,-9.839426040649414,0.1128639504313469,-9.88482666015625,0.19090047393364928,0.0
纽约·财产犯罪,y_property,清理占道人行道的设施,quartile,xgb,555,5275,1313,46.00497817993164,42.962711334228516,-3.042267084121704,-6.612908363342285,0.09982448816299438,-6.674217700958252,0.16701421800947866,0.0
纽约·财产犯罪,y_property,减少沿街商业外摆与停车占用,quartile,xgb,555,5275,1346,46.00497817993164,44.95815658569336,-1.046819806098938,-2.27544903755188,-0.5377230048179626,-1.7641632556915283,0.124739336492891,0.0
纽约·财产犯罪,y_property,组合情景（全部措施）,quartile,xgb,555,5275,4005,46.00497817993164,38.35630798339844,-7.648670196533203,-16.625743865966797,-0.3774290978908539,-16.230134963989258,0.36928909952606637,0.0
纽约·财产犯罪,y_property,降低围合度（改善视觉通透性）,sd,xgb,555,5275,5275,46.00497817993164,40.46908950805664,-5.535888671875,-12.033238410949707,-3.927952527999878,-7.9939188957214355,0.651563981042654,0.22312796208530805
纽约·财产犯罪,y_property,清理占道人行道的设施,sd,xgb,555,5275,5275,46.00497817993164,42.4146842956543,-3.5902957916259766,-7.8041462898254395,0.9467880129814148,-8.67744255065918,0.4248341232227488,0.18919431279620852
纽约·财产犯罪,y_property,减少沿街商业外摆与停车占用,sd,xgb,555,5275,5275,46.00497817993164,44.245758056640625,-1.7592192888259888,-3.8239760398864746,0.18476273119449615,-4.001348972320557,0.44075829383886256,0.8718483412322275
纽约·财产犯罪,y_property,组合情景（全部措施）,sd,xgb,555,5275,15825,46.00497817993164,36.9348030090332,-9.070171356201172,-19.71562957763672,-3.101663112640381,-16.548805236816406,0.6274881516587678,0.8718483412322275
纽约·财产犯罪,y_property,降低围合度（改善视觉通透性）,quartile,lgbm,42,5275,1281,48.692476699314376,46.468126425757106,-2.2243502735572753,-4.568160061549294,0.6259604764030856,-5.15077257605881,0.14161137440758295,0.0
纽约·财产犯罪,y_property,清理占道人行道的设施,quartile,lgbm,42,5275,1319,48.692476699314376,47.70404915442474,-0.9884275448896385,-2.0299389390138707,0.14959278155527678,-2.167082152224986,0.16265402843601895,0.0
纽约·财产犯罪,y_property,减少沿街商业外摆与停车占用,quartile,lgbm,42,5275,1360,48.692476699314376,47.53219343880565,-1.160283260508731,-2.382879941954295,-0.3070371966268104,-2.073784436570898,0.1656872037914692,0.0
纽约·财产犯罪,y_property,组合情景（全部措施）,quartile,lgbm,42,5275,3960,48.692476699314376,44.53556062242214,-4.156916076892242,-8.537080794969654,0.32099582181075964,-8.78398657255603,0.35355450236966823,0.0
纽约·财产犯罪,y_property,降低围合度（改善视觉通透性）,sd,lgbm,42,5275,5275,48.692476699314376,44.204428836375946,-4.488047862938435,-9.217127916193324,-4.312963304487233,-4.875522247514393,0.6009478672985782,0.22180094786729856
纽约·财产犯罪,y_property,清理占道人行道的设施,sd,lgbm,42,5275,5275,48.692476699314376,45.716140966241966,-2.976335733072412,-6.1125166243891655,0.433328277213534,-6.572855366213557,0.46767772511848343,0.18180094786729858
纽约·财产犯罪,y_property,减少沿街商业外摆与停车占用,sd,lgbm,42,5275,5275,48.692476699314376,47.99455282251889,-0.6979238767954836,-1.433330001070393,-0.01528260690574091,-1.4220602562438984,0.32701421800947866,0.8699526066350711
纽约·财产犯罪,y_property,组合情景（全部措施）,sd,lgbm,42,5275,15825,48.692476699314376,41.29711532404212,-7.395361375272268,-15.187893236444058,-4.629497378264008,-10.821044642750918,0.5677725118483412,0.8699526066350711
纽约·财产犯罪,y_property,降低围合度（改善视觉通透性）,quartile,lgbm,7,5275,1250,41.95482865909198,36.52312769807348,-5.431700961018506,-12.9465454504756,0.36740816915060404,-13.216459722682352,0.1609478672985782,0.0
纽约·财产犯罪,y_property,清理占道人行道的设施,quartile,lgbm,7,5275,1351,41.95482865909198,40.86020515001165,-1.0946235090803356,-2.6090525073402273,0.30228010938016026,-2.8769180861376404,0.1634123222748815,0.0
纽约·财产犯罪,y_property,减少沿街商业外摆与停车占用,quartile,lgbm,7,5275,1268,41.95482865909198,40.8346761678309,-1.1201524912610838,-2.6699012415543186,-0.10287800906982794,-2.572260511080896,0.15090047393364928,0.0
纽约·财产犯罪,y_property,组合情景（全部措施）,quartile,lgbm,7,5275,3869,41.95482865909198,34.373821214720294,-7.581007444371689,-18.069451566521458,0.08012721816908251,-18.079989435443824,0.35981042654028433,0.0
纽约·财产犯罪,y_property,降低围合度（改善视觉通透性）,sd,lgbm,7,5275,5275,41.95482865909198,35.04316062981934,-6.911668029272649,-16.47407044713274,-3.93062351923003,-12.578045002601165,0.661042654028436,0.22540284360189575
纽约·财产犯罪,y_property,清理占道人行道的设施,sd,lgbm,7,5275,5275,41.95482865909198,38.819911509956874,-3.1349171491351058,-7.472124781174006,0.490348363643278,-7.942815906321486,0.4727962085308057,0.18672985781990523
纽约·财产犯罪,y_property,减少沿街商业外摆与停车占用,sd,lgbm,7,5275,5275,41.95482865909198,41.247024959143914,-0.7078036999480639,-1.6870613528168388,0.3426445863020744,-2.02036927310115,0.32644549763033176,0.8822748815165877
纽约·财产犯罪,y_property,组合情景（全部措施）,sd,lgbm,7,5275,15825,41.95482865909198,32.41566612117861,-9.539162537913375,-22.736745311069587,-3.942409154783282,-18.911068356424845,0.6324170616113745,0.8822748815165877
纽约·财产犯罪,y_property,降低围合度（改善视觉通透性）,quartile,lgbm,2024,5275,1298,44.33819391020001,39.83467131367783,-4.503522596522178,-10.157208039739618,0.40141426167627464,-10.49653302171559,0.17838862559241705,0.0
纽约·财产犯罪,y_property,清理占道人行道的设施,quartile,lgbm,2024,5275,1266,44.33819391020001,42.43174987576153,-1.9064440344384763,-4.299778286638551,0.28148362527058457,-4.544157096966263,0.13933649289099526,0.0
纽约·财产犯罪,y_property,减少沿街商业外摆与停车占用,quartile,lgbm,2024,5275,1330,44.33819391020001,41.71141586520089,-2.6267780449991145,-5.92441372402141,-0.11643908130464345,-5.832924419220506,0.19962085308056873,0.0
纽约·财产犯罪,y_property,组合情景（全部措施）,quartile,lgbm,2024,5275,3894,44.33819391020001,36.6028001118332,-7.735393798366814,-17.446343921977583,0.31326812105659607,-17.658187285375583,0.36644549763033174,0.0
纽约·财产犯罪,y_property,降低围合度（改善视觉通透性）,sd,lgbm,2024,5275,5275,44.33819391020001,38.153825150570846,-6.184368759629162,-13.94817473204845,-4.539813513172351,-9.623920793022155,0.6911848341232227,0.21649289099526067
纽约·财产犯罪,y_property,清理占道人行道的设施,sd,lgbm,2024,5275,5275,44.33819391020001,41.230438229316725,-3.107755680883283,-7.009206751130978,1.055391869269822,-8.042703186848986,0.4312796208530806,0.1747867298578199
纽约·财产犯罪,y_property,减少沿街商业外摆与停车占用,sd,lgbm,2024,5275,5275,44.33819391020001,42.81949639021535,-1.5186975199846593,-3.4252579684696682,0.32889728634794557,-3.735680670274785,0.38445497630331754,0.8703317535545023
纽约·财产犯罪,y_property,组合情景（全部措施）,sd,lgbm,2024,5275,15825,44.33819391020001,34.86981019982802,-9.468383710371993,-21.354915199181782,-3.9863148399027426,-17.89652512721199,0.6788625592417061,0.8703317535545023
纽约·财产犯罪,y_property,降低围合度（改善视觉通透性）,quartile,lgbm,101,5275,1322,48.60272242359077,43.435467839689295,-5.167254583901469,-10.631615527350357,-0.04104734630147665,-10.585264933205812,0.176303317535545,0.0
纽约·财产犯罪,y_property,清理占道人行道的设施,quartile,lgbm,101,5275,1415,48.60272242359077,47.169276590204866,-1.433445833385908,-2.949311811986364,0.15894070266985333,-3.1030001256126463,0.15791469194312796,0.0
纽约·财产犯罪,y_property,减少沿街商业外摆与停车占用,quartile,lgbm,101,5275,1280,48.60272242359077,47.487024875928135,-1.1156975476626343,-2.295545376941884,-0.22712665096055806,-2.0905809794609085,0.16436018957345971,0.0
纽约·财产犯罪,y_property,组合情景（全部措施）,quartile,lgbm,101,5275,4017,48.60272242359077,41.37306923031463,-7.229653193276139,-14.874996363921813,-0.3199223021349138,-14.584187499970731,0.3764928909952607,0.0
纽约·财产犯罪,y_property,降低围合度（改善视觉通透性）,sd,lgbm,101,5275,5275,48.60272242359077,40.69776203237838,-7.904960391212388,-16.26443951496734,-4.816563686568313,-11.499920910305738,0.7059715639810427,0.22540284360189575
纽约·财产犯罪,y_property,清理占道人行道的设施,sd,lgbm,101,5275,5275,48.60272242359077,45.07828488419769,-3.524437539393075,-7.251522885233245,1.1425012040318523,-8.290530077690594,0.47753554502369666,0.1770616113744076
纽约·财产犯罪,y_property,减少沿街商业外摆与停车占用,sd,lgbm,101,5275,5275,48.60272242359077,48.17971332833378,-0.42300909525698815,-0.8703403310833225,0.3743644916762304,-1.2711823043440955,0.3556398104265403,0.8798104265402844
纽约·财产犯罪,y_property,组合情景（全部措施）,sd,lgbm,101,5275,15825,48.60272242359077,37.93218300842468,-10.670539415166084,-21.954612587682583,-4.468813294180141,-17.678896044270328,0.6870142180094787,0.8798104265402844
纽约·财产犯罪,y_property,降低围合度（改善视觉通透性）,quartile,lgbm,555,5275,1346,46.05959439819431,42.58422458147084,-3.475369816723476,-7.5453765108702795,0.46097852932961786,-7.898104144983796,0.15526066350710901,0.0
纽约·财产犯罪,y_property,清理占道人行道的设施,quartile,lgbm,555,5275,1313,46.05959439819431,43.98043142896985,-2.079162969224462,-4.51407138163156,0.1261746558882596,-4.607288345947536,0.17819905213270143,0.0
纽约·财产犯罪,y_property,减少沿街商业外摆与停车占用,quartile,lgbm,555,5275,1346,46.05959439819431,44.65170468421066,-1.4078897139836568,-3.056669804367298,-0.15976510174184164,-2.897215489049195,0.17725118483412322,0.0
纽约·财产犯罪,y_property,组合情景（全部措施）,quartile,lgbm,555,5275,4005,46.05959439819431,39.35963777879576,-6.699956619398556,-14.546277940435397,0.20959714241012212,-14.612621158592752,0.3848341232227488,0.0
纽约·财产犯罪,y_property,降低围合度（改善视觉通透性）,sd,lgbm,555,5275,5275,46.05959439819431,41.183218844413,-4.876375553781314,-10.587100510751533,-4.620513074049586,-5.490345726425761,0.6229383886255924,0.22312796208530805
纽约·财产犯罪,y_property,清理占道人行道的设施,sd,lgbm,555,5275,5275,46.05959439819431,42.12197801000669,-3.9376163881876236,-8.548960188720185,1.1112418111679851,-9.610188905689695,0.5038862559241706,0.18919431279620852
纽约·财产犯罪,y_property,减少沿街商业外摆与停车占用,sd,lgbm,555,5275,5275,46.05959439819431,44.97817824073927,-1.0814161574550474,-2.3478629622874894,0.63527689272045,-2.953740550145565,0.38540284360189575,0.8718483412322275
纽约·财产犯罪,y_property,组合情景（全部措施）,sd,lgbm,555,5275,15825,46.05959439819431,37.39884252009126,-8.660751878103053,-18.80336114823144,-3.4052113397133654,-15.317904831557229,0.6246445497630332,0.8718483412322275
纽约·财产犯罪,y_property,降低围合度（改善视觉通透性）,quartile,rf,42,5275,1281,48.398168812080485,50.33537094455892,1.9372021324784325,4.002635182335442,-1.3911723018627782,5.573049296082622,0.24360189573459715,0.0
纽约·财产犯罪,y_property,清理占道人行道的设施,quartile,rf,42,5275,1319,48.398168812080485,48.43821266897164,0.040043856891154694,0.08273837187236617,0.010972616497485429,0.0830008669803971,0.2801895734597156,0.0
纽约·财产犯罪,y_property,减少沿街商业外摆与停车占用,quartile,rf,42,5275,1360,48.398168812080485,49.26772396471476,0.8695551526342793,1.7966695310530694,-0.42160559753360594,2.247212834531079,0.30255924170616116,0.0
纽约·财产犯罪,y_property,组合情景（全部措施）,quartile,rf,42,5275,3960,48.398168812080485,51.03951350204611,2.641344689965629,5.457530222313562,-1.8761158338800388,7.637721741053777,0.3181042654028436,0.0
纽约·财产犯罪,y_property,降低围合度（改善视觉通透性）,sd,rf,42,5275,5275,48.398168812080485,52.60909805095833,4.2109292388778545,8.700596204843974,-5.233062344265214,15.49726064492999,0.258957345971564,0.22180094786729856
纽约·财产犯罪,y_property,清理占道人行道的设施,sd,rf,42,5275,5275,48.398168812080485,52.12137933120019,3.723210519119713,7.692874772961195,-0.5948303266158186,8.36278385659128,0.2553554502369668,0.18180094786729858
纽约·财产犯罪,y_property,减少沿街商业外摆与停车占用,sd,rf,42,5275,5275,48.398168812080485,49.21554691642999,0.8173781043495119,1.6888616334291746,-0.16133329296271054,1.8630196516618927,0.3357345971563981,0.8699526066350711
纽约·财产犯罪,y_property,组合情景（全部措施）,sd,rf,42,5275,15825,48.398168812080485,56.494396191183256,8.09622737910278,16.728375427877577,-6.190346213407903,25.23065283142748,0.1943127962085308,0.8699526066350711
纽约·财产犯罪,y_property,降低围合度（改善视觉通透性）,quartile,rf,7,5275,1250,42.015468524650885,42.33033579634964,0.314867271698758,0.7494079746225424,-1.7551804702551794,2.628079348489287,0.2864454976303318,0.0
纽约·财产犯罪,y_property,清理占道人行道的设施,quartile,rf,7,5275,1351,42.015468524650885,41.634017332805335,-0.38145119184554316,-0.9078827518530278,-0.08497428816925442,-0.8156313033549134,0.2796208530805687,0.0
纽约·财产犯罪,y_property,减少沿街商业外摆与停车占用,quartile,rf,7,5275,1268,42.015468524650885,42.05049171495954,0.03502319030865555,0.08335784780814023,-0.29236038318019597,0.37649371415916766,0.3404739336492891,0.0
纽约·财产犯罪,y_property,组合情景（全部措施）,quartile,rf,7,5275,3869,42.015468524650885,41.95437560755895,-0.061092917091930425,-0.14540577372375751,-2.2049687759525205,2.1926955271035298,0.34445497630331756,0.0
纽约·财产犯罪,y_property,降低围合度（改善视觉通透性）,sd,rf,7,5275,5275,42.015468524650885,46.11131999979867,4.09585147514778,9.748436989925995,-5.216006348354084,16.670801583878898,0.350521327014218,0.22540284360189575
纽约·财产犯罪,y_property,清理占道人行道的设施,sd,rf,7,5275,5275,42.015468524650885,44.54408147844282,2.5286129537919324,6.01829050724109,-0.6852913671270073,6.7840718560980475,0.2618009478672986,0.18672985781990523
纽约·财产犯罪,y_property,减少沿街商业外摆与停车占用,sd,rf,7,5275,5275,42.015468524650885,42.2335219358861,0.21805341123521568,0.518983647908821,-0.09536649043356708,0.620906413889869,0.3501421800947867,0.8822748815165877
纽约·财产犯罪,y_property,组合情景（全部措施）,sd,rf,7,5275,15825,42.015468524650885,48.771868210895,6.75639968624412,16.080743410679986,-6.182583710065284,24.804698566941433,0.2557345971563981,0.8822748815165877
纽约·财产犯罪,y_property,降低围合度（改善视觉通透性）,quartile,rf,2024,5275,1298,44.479805142981604,46.2897877756994,1.8099826327178055,4.069223385533198,-1.3715987051064946,5.640665910043994,0.2703317535545024,0.0
纽约·财产犯罪,y_property,清理占道人行道的设施,quartile,rf,2024,5275,1266,44.479805142981604,44.30170903377425,-0.17809610920735097,-0.40039768302683865,-0.02415813992831364,-0.36737166645428554,0.31317535545023695,0.0
纽约·财产犯罪,y_property,减少沿街商业外摆与停车占用,quartile,rf,2024,5275,1330,44.479805142981604,44.41687673023956,-0.06292841274204101,-0.14147636784773637,-0.3123536740892551,0.1752235717279299,0.3357345971563981,0.0
纽约·财产犯罪,y_property,组合情景（全部措施）,quartile,rf,2024,5275,3894,44.479805142981604,45.91105549718396,1.4312503542023527,3.2177532019341304,-1.751953197425007,5.232014417891518,0.34369668246445495,0.0
纽约·财产犯罪,y_property,降低围合度（改善视觉通透性）,sd,rf,2024,5275,5275,44.479805142981604,47.54163298620065,3.061827843219048,6.883635918315548,-5.580367822317062,13.995318338332826,0.29402843601895734,0.21649289099526067
纽约·财产犯罪,y_property,清理占道人行道的设施,sd,rf,2024,5275,5275,44.479805142981604,46.76194630529597,2.282141162314366,5.130735521386296,-0.7461733068671277,5.945415220344277,0.24,0.1747867298578199
纽约·财产犯罪,y_property,减少沿街商业外摆与停车占用,sd,rf,2024,5275,5275,44.479805142981604,44.612813026494386,0.13300788351278164,0.2990298250750515,-0.11339821794283338,0.4157782879552192,0.4013270142180095,0.8703317535545023
纽约·财产犯罪,y_property,组合情景（全部措施）,sd,rf,2024,5275,15825,44.479805142981604,49.32198419661547,4.842179053633871,10.886241605754677,-6.497564739575487,19.47484755190789,0.23601895734597156,0.8703317535545023
纽约·财产犯罪,y_property,降低围合度（改善视觉通透性）,quartile,rf,101,5275,1322,48.464368619536145,52.780801413422736,4.316432793886591,8.90640467798568,-1.807962259158551,11.208560403843785,0.2619905213270142,0.0
纽约·财产犯罪,y_property,清理占道人行道的设施,quartile,rf,101,5275,1415,48.464368619536145,48.438684162915315,-0.025684456620834493,-0.0529965773875387,0.008910016871354677,-0.058304551732303096,0.32644549763033176,0.0
纽约·财产犯罪,y_property,减少沿街商业外摆与停车占用,quartile,rf,101,5275,1280,48.464368619536145,49.09714650008741,0.6327778805512637,1.3056558840553818,-0.3677080037384152,1.7006240528618624,0.28720379146919434,0.0
纽约·财产犯罪,y_property,组合情景（全部措施）,quartile,rf,101,5275,4017,48.464368619536145,53.98466755976801,5.520298940231859,11.390427849309912,-2.1785541361538105,14.306585369377665,0.3522274881516588,0.0
纽约·财产犯罪,y_property,降低围合度（改善视觉通透性）,sd,rf,101,5275,5275,48.464368619536145,57.809609819047694,9.345241199511557,19.282704934991067,-5.517547924820414,27.836796056614585,0.38540284360189575,0.22540284360189575
纽约·财产犯罪,y_property,清理占道人行道的设施,sd,rf,101,5275,5275,48.464368619536145,51.83960276263092,3.3752341430947697,6.964362147357474,-0.6474260815053956,7.686201216790194,0.2765876777251185,0.1770616113744076
纽约·财产犯罪,y_property,减少沿街商业外摆与停车占用,sd,rf,101,5275,5275,48.464368619536145,49.454802273547195,0.9904336540110443,2.0436326361462127,-0.09847192566822663,2.1504439752564077,0.353175355450237,0.8798104265402844
纽约·财产犯罪,y_property,组合情景（全部措施）,sd,rf,101,5275,15825,48.464368619536145,62.409970625574125,13.94560200603798,28.77495860003108,-6.472076023623087,39.374780769756875,0.3251184834123223,0.8798104265402844
纽约·财产犯罪,y_property,降低围合度（改善视觉通透性）,quartile,rf,555,5275,1346,45.97371022939957,49.01109085709148,3.0373806276918955,6.6067772484230165,-1.6136510223981901,8.612271423961873,0.2837914691943128,0.0
纽约·财产犯罪,y_property,清理占道人行道的设施,quartile,rf,555,5275,1313,45.97371022939957,45.84634573550047,-0.12736449389911345,-0.2770376662305266,-0.08828846014918618,-0.17685194501483226,0.27943127962085307,0.0
纽约·财产犯罪,y_property,减少沿街商业外摆与停车占用,quartile,rf,555,5275,1346,45.97371022939957,46.20950115215183,0.2357909227522567,0.5128820832073535,-0.4132892915628529,0.9388503167553239,0.30786729857819906,0.0
纽约·财产犯罪,y_property,组合情景（全部措施）,quartile,rf,555,5275,4005,45.97371022939957,48.96964137713136,2.9959311477317816,6.516618155860573,-2.0419951310671745,9.085065495364464,0.33838862559241706,0.0
纽约·财产犯罪,y_property,降低围合度（改善视觉通透性）,sd,rf,555,5275,5275,45.97371022939957,52.98766402928001,7.013953799880434,15.256444965790697,-4.982934231874082,22.775392073695347,0.3594312796208531,0.22312796208530805
纽约·财产犯罪,y_property,清理占道人行道的设施,sd,rf,555,5275,5275,45.97371022939957,48.67596458334586,2.702254353946281,5.877825262443634,-0.4881037745295892,6.426748894449993,0.2828436018957346,0.18919431279620852
纽约·财产犯罪,y_property,减少沿街商业外摆与停车占用,sd,rf,555,5275,5275,45.97371022939957,46.47689957729929,0.5031893478997147,1.0945154206369272,-0.17378141020295335,1.2769501304477564,0.37345971563981045,0.8718483412322275
纽约·财产犯罪,y_property,组合情景（全部措施）,sd,rf,555,5275,15825,45.97371022939957,55.41572625842484,9.442016029025254,20.53785953300591,-5.8046428549723625,29.389513436993496,0.2951658767772512,0.8718483412322275
纽约·暴力犯罪,y_violent,降低围合度（改善视觉通透性）,quartile,xgb,42,5275,1281,24.682687759399414,24.27353286743164,-0.4091539680957794,-1.6576557159423828,0.193983256816864,-1.8824440240859985,0.12018957345971563,0.0
纽约·暴力犯罪,y_violent,清理占道人行道的设施,quartile,xgb,42,5275,1319,24.682687759399414,22.667251586914062,-2.0154356956481934,-8.16538143157959,0.08575994521379471,-8.165169715881348,0.14255924170616113,0.0
纽约·暴力犯罪,y_violent,减少沿街商业外摆与停车占用,quartile,xgb,42,5275,1360,24.682687759399414,24.282512664794922,-0.40017619729042053,-1.621282935142517,-0.5241701006889343,-1.1326572895050049,0.17080568720379147,0.0
纽约·暴力犯罪,y_violent,组合情景（全部措施）,quartile,xgb,42,5275,3960,24.682687759399414,22.022897720336914,-2.6597914695739746,-10.77593994140625,-0.33134397864341736,-10.495429992675781,0.329478672985782,0.0
纽约·暴力犯罪,y_violent,降低围合度（改善视觉通透性）,sd,xgb,42,5275,5275,24.682687759399414,21.543569564819336,-3.139117956161499,-12.717893600463867,-6.754403114318848,-6.565524578094482,0.7050236966824645,0.22180094786729856
纽约·暴力犯罪,y_violent,清理占道人行道的设施,sd,xgb,42,5275,5275,24.682687759399414,22.48736000061035,-2.1953279972076416,-8.89420223236084,0.6742069125175476,-9.377880096435547,0.3780094786729858,0.18180094786729858
纽约·暴力犯罪,y_violent,减少沿街商业外摆与停车占用,sd,xgb,42,5275,5275,24.682687759399414,24.197614669799805,-0.4850730895996094,-1.9652360677719116,-0.00494983559474349,-1.9604164361953735,0.3510900473933649,0.8699526066350711
纽约·暴力犯罪,y_violent,组合情景（全部措施）,sd,xgb,42,5275,15825,24.682687759399414,19.97264289855957,-4.710046768188477,-19.08238983154297,-6.342257976531982,-13.828869819641113,0.6587677725118484,0.8699526066350711
纽约·暴力犯罪,y_violent,降低围合度（改善视觉通透性）,quartile,xgb,7,5275,1250,22.733211517333984,22.00286102294922,-0.7303517460823059,-3.212707996368408,0.20969709753990173,-3.409963846206665,0.13213270142180095,0.0
纽约·暴力犯罪,y_violent,清理占道人行道的设施,quartile,xgb,7,5275,1351,22.733211517333984,21.184316635131836,-1.548893928527832,-6.813352584838867,0.04455076530575752,-6.804945945739746,0.14028436018957346,0.0
纽约·暴力犯罪,y_violent,减少沿街商业外摆与停车占用,quartile,xgb,7,5275,1268,22.733211517333984,22.240907669067383,-0.49230340123176575,-2.1655690670013428,-0.18730495870113373,-1.9948606491088867,0.1400947867298578,0.0
纽约·暴力犯罪,y_violent,组合情景（全部措施）,quartile,xgb,7,5275,3869,22.733211517333984,20.15493392944336,-2.5782761573791504,-11.341450691223145,0.030716104432940483,-11.30651569366455,0.31791469194312794,0.0
纽约·暴力犯罪,y_violent,降低围合度（改善视觉通透性）,sd,xgb,7,5275,5275,22.733211517333984,19.122299194335938,-3.610912799835205,-15.883865356445312,-6.802487373352051,-9.596254348754883,0.8125118483412322,0.22540284360189575
纽约·暴力犯罪,y_violent,清理占道人行道的设施,sd,xgb,7,5275,5275,22.733211517333984,21.501733779907227,-1.2314776182174683,-5.417085647583008,0.4826193153858185,-5.833951950073242,0.3603791469194313,0.18672985781990523
纽约·暴力犯罪,y_violent,减少沿街商业外摆与停车占用,sd,xgb,7,5275,5275,22.733211517333984,22.161270141601562,-0.5719416737556458,-2.515886068344116,0.0009398096008226275,-2.5310916900634766,0.350521327014218,0.8822748815165877
纽约·暴力犯罪,y_violent,组合情景（全部措施）,sd,xgb,7,5275,15825,22.733211517333984,17.937423706054688,-4.79578971862793,-21.095962524414062,-6.399468898773193,-15.413445472717285,0.7628436018957346,0.8822748815165877
纽约·暴力犯罪,y_violent,降低围合度（改善视觉通透性）,quartile,xgb,2024,5275,1298,23.316913604736328,22.9958438873291,-0.3210683763027191,-1.3769763708114624,0.4961966574192047,-1.8895642757415771,0.11317535545023696,0.0
纽约·暴力犯罪,y_violent,清理占道人行道的设施,quartile,xgb,2024,5275,1266,23.316913604736328,21.43815803527832,-1.8787555694580078,-8.057478904724121,0.07236377894878387,-8.084697723388672,0.12909952606635072,0.0
纽约·暴力犯罪,y_violent,减少沿街商业外摆与停车占用,quartile,xgb,2024,5275,1330,23.316913604736328,22.523914337158203,-0.7929995059967041,-3.4009625911712646,-0.6332700848579407,-2.8319849967956543,0.2075829383886256,0.0
纽约·暴力犯罪,y_violent,组合情景（全部措施）,quartile,xgb,2024,5275,3894,23.316913604736328,20.586618423461914,-2.730295181274414,-11.709505081176758,-0.17426171898841858,-11.543596267700195,0.3325118483412322,0.0
纽约·暴力犯罪,y_violent,降低围合度（改善视觉通透性）,sd,xgb,2024,5275,5275,23.316913604736328,20.113563537597656,-3.2033493518829346,-13.73830795288086,-6.343048572540283,-8.120158195495605,0.7636018957345971,0.21649289099526067
纽约·暴力犯罪,y_violent,清理占道人行道的设施,sd,xgb,2024,5275,5275,23.316913604736328,22.15956687927246,-1.1573467254638672,-4.963550090789795,0.9458305835723877,-5.91553258895874,0.3008530805687204,0.1747867298578199
纽约·暴力犯罪,y_violent,减少沿街商业外摆与停车占用,sd,xgb,2024,5275,5275,23.316913604736328,22.44675636291504,-0.8701581954956055,-3.7318756580352783,-0.251321405172348,-3.5301566123962402,0.41118483412322276,0.8703317535545023
纽约·暴力犯罪,y_violent,组合情景（全部措施）,sd,xgb,2024,5275,15825,23.316913604736328,19.026742935180664,-4.290170192718506,-18.399391174316406,-6.017076015472412,-13.476658821105957,0.6784834123222749,0.8703317535545023
纽约·暴力犯罪,y_violent,降低围合度（改善视觉通透性）,quartile,xgb,101,5275,1322,25.79685401916504,26.22919464111328,0.43234291672706604,1.6759520769119263,-0.07936950773000717,1.7862905263900757,0.07677725118483412,0.0
纽约·暴力犯罪,y_violent,清理占道人行道的设施,quartile,xgb,101,5275,1415,25.79685401916504,24.952375411987305,-0.8444773554801941,-3.2735674381256104,-0.008836538530886173,-3.2562692165374756,0.15241706161137442,0.0
纽约·暴力犯罪,y_violent,减少沿街商业外摆与停车占用,quartile,xgb,101,5275,1280,25.79685401916504,25.225648880004883,-0.5712058544158936,-2.2142462730407715,-0.4535331428050995,-1.7999447584152222,0.18312796208530804,0.0
纽约·暴力犯罪,y_violent,组合情景（全部措施）,quartile,xgb,101,5275,4017,25.79685401916504,24.895618438720703,-0.9012322425842285,-3.4935741424560547,-0.5683706402778625,-2.909149408340454,0.2906161137440758,0.0
纽约·暴力犯罪,y_violent,降低围合度（改善视觉通透性）,sd,xgb,101,5275,5275,25.79685401916504,22.021472930908203,-3.775381326675415,-14.635046005249023,-7.528259754180908,-8.246866226196289,0.6854976303317536,0.22540284360189575
纽约·暴力犯罪,y_violent,清理占道人行道的设施,sd,xgb,101,5275,5275,25.79685401916504,24.650680541992188,-1.1461715698242188,-4.4430670738220215,0.2850721776485443,-4.697802543640137,0.43317535545023694,0.1770616113744076
纽约·暴力犯罪,y_violent,减少沿街商业外摆与停车占用,sd,xgb,101,5275,5275,25.79685401916504,25.768762588500977,-0.02809302695095539,-0.10890098661184311,0.6139125823974609,-0.7267865538597107,0.2642654028436019,0.8798104265402844
纽约·暴力犯罪,y_violent,组合情景（全部措施）,sd,xgb,101,5275,15825,25.79685401916504,21.4466495513916,-4.3502020835876465,-16.863304138183594,-7.178648948669434,-11.091139793395996,0.6458767772511849,0.8798104265402844
纽约·暴力犯罪,y_violent,降低围合度（改善视觉通透性）,quartile,xgb,555,5275,1346,25.45156478881836,24.55431365966797,-0.8972499966621399,-3.5253233909606934,0.4621453583240509,-3.9637744426727295,0.1351658767772512,0.0
纽约·暴力犯罪,y_violent,清理占道人行道的设施,quartile,xgb,555,5275,1313,25.45156478881836,22.361042022705078,-3.090522527694702,-12.142760276794434,-0.09952610731124878,-12.083719253540039,0.16265402843601895,0.0
纽约·暴力犯罪,y_violent,减少沿街商业外摆与停车占用,quartile,xgb,555,5275,1346,25.45156478881836,24.943262100219727,-0.5083022713661194,-1.9971356391906738,-0.537943422794342,-1.4964717626571655,0.16890995260663508,0.0
纽约·暴力犯罪,y_violent,组合情景（全部措施）,quartile,xgb,555,5275,4005,25.45156478881836,21.318300247192383,-4.133265018463135,-16.239728927612305,-0.34407752752304077,-15.962066650390625,0.3590521327014218,0.0
纽约·暴力犯罪,y_violent,降低围合度（改善视觉通透性）,sd,xgb,555,5275,5275,25.45156478881836,22.841245651245117,-2.610318422317505,-10.256022453308105,-6.218235015869141,-3.9914231300354004,0.6513744075829384,0.22312796208530805
纽约·暴力犯罪,y_violent,清理占道人行道的设施,sd,xgb,555,5275,5275,25.45156478881836,22.61490821838379,-2.8366549015045166,-11.145306587219238,0.5615411996841431,-11.639505386352539,0.4157345971563981,0.18919431279620852
纽约·暴力犯罪,y_violent,减少沿街商业外摆与停车占用,sd,xgb,555,5275,5275,25.45156478881836,24.77001190185547,-0.6815506219863892,-2.6778337955474854,0.2640182673931122,-2.9319403171539307,0.37099526066350713,0.8718483412322275
纽约·暴力犯罪,y_violent,组合情景（全部措施）,sd,xgb,555,5275,15825,25.45156478881836,20.372478485107422,-5.079085826873779,-19.955886840820312,-5.597158432006836,-15.05146312713623,0.6210426540284361,0.8718483412322275
纽约·暴力犯罪,y_violent,降低围合度（改善视觉通透性）,quartile,lgbm,42,5275,1281,24.567098405176623,24.463961068520305,-0.10313733665631965,-0.4198189584920098,-0.35240386816131125,-0.08828429835714881,0.1190521327014218,0.0
纽约·暴力犯罪,y_violent,清理占道人行道的设施,quartile,lgbm,42,5275,1319,24.567098405176623,22.82663281026511,-1.7404655949115115,-7.084538703784292,0.15857960191797074,-7.157224817743874,0.18104265402843603,0.0
纽约·暴力犯罪,y_violent,减少沿街商业外摆与停车占用,quartile,lgbm,42,5275,1360,24.567098405176623,23.987370969266053,-0.5797274359105703,-2.359771700952742,-0.1982149470528232,-2.1864703199384414,0.16492890995260664,0.0
纽约·暴力犯罪,y_violent,组合情景（全部措施）,quartile,lgbm,42,5275,3960,24.567098405176623,22.231544672735886,-2.335553732440737,-9.506835906793958,-0.4629063702306218,-9.048158120874064,0.34881516587677724,0.0
纽约·暴力犯罪,y_violent,降低围合度（改善视觉通透性）,sd,lgbm,42,5275,5275,24.567098405176623,21.725001552253005,-2.8420968529236204,-11.568711966101588,-6.744323287322157,-5.421963730574844,0.6792417061611374,0.22180094786729856
纽约·暴力犯罪,y_violent,清理占道人行道的设施,sd,lgbm,42,5275,5275,24.567098405176623,23.059733913452675,-1.507364491723949,-6.135704212453217,0.6533609311808827,-6.654337845159469,0.4058767772511848,0.18180094786729858
纽约·暴力犯罪,y_violent,减少沿街商业外摆与停车占用,sd,lgbm,42,5275,5275,24.567098405176623,24.092631467508788,-0.474466937667835,-1.9313104455504535,0.8371204101558076,-2.742030675082805,0.32018957345971566,0.8699526066350711
纽约·暴力犯罪,y_violent,组合情景（全部措施）,sd,lgbm,42,5275,15825,24.567098405176623,20.325842750447457,-4.241255654729167,-17.263966565280157,-5.894565022002414,-12.28622719918813,0.6363981042654029,0.8699526066350711
纽约·暴力犯罪,y_violent,降低围合度（改善视觉通透性）,quartile,lgbm,7,5275,1250,22.579755444267363,22.565382139962164,-0.014373304305200603,-0.06365571292690751,-0.003952604291048735,-0.05528570520226544,0.10104265402843601,0.0
纽约·暴力犯罪,y_violent,清理占道人行道的设施,quartile,lgbm,7,5275,1351,22.579755444267363,21.273576948826054,-1.3061784954413085,-5.7847326941396355,0.14823631685523225,-5.888357132431572,0.1590521327014218,0.0
纽约·暴力犯罪,y_violent,减少沿街商业外摆与停车占用,quartile,lgbm,7,5275,1268,22.579755444267363,22.04075927353943,-0.5389961707279345,-2.3870770968193855,-0.1828220823344662,-2.2393652362552583,0.14748815165876777,0.0
纽约·暴力犯罪,y_violent,组合情景（全部措施）,quartile,lgbm,7,5275,3869,22.579755444267363,20.85339620121117,-1.7263592430561954,-7.645606469553195,-0.1439211059571655,-7.493776879803159,0.3046445497630332,0.0
纽约·暴力犯罪,y_violent,降低围合度（改善视觉通透性）,sd,lgbm,7,5275,5275,22.579755444267363,19.05368241001997,-3.5260730342473967,-15.616081595527687,-7.1156893670199395,-8.978127797035588,0.7757345971563981,0.22540284360189575
纽约·暴力犯罪,y_violent,清理占道人行道的设施,sd,lgbm,7,5275,5275,22.579755444267363,21.347853291560483,-1.2319021527068814,-5.455781643638844,0.8247076144205595,-6.206343687471596,0.4181990521327014,0.18672985781990523
纽约·暴力犯罪,y_violent,减少沿街商业外摆与停车占用,sd,lgbm,7,5275,5275,22.579755444267363,21.751506793865286,-0.8282486504020816,-3.6681028386087355,0.6286829101030719,-4.266403991644202,0.33933649289099527,0.8822748815165877
纽约·暴力犯罪,y_violent,组合情景（全部措施）,sd,lgbm,7,5275,15825,22.579755444267363,17.771648087878265,-4.8081073563891,-21.293885880459353,-5.912045414971408,-15.96638947541683,0.7290995260663508,0.8822748815165877
纽约·暴力犯罪,y_violent,降低围合度（改善视觉通透性）,quartile,lgbm,2024,5275,1298,23.085544857936473,22.980137757448468,-0.10540710048800242,-0.45659351397879183,0.2965368066252196,-0.7638920536936644,0.10066350710900474,0.0
纽约·暴力犯罪,y_violent,清理占道人行道的设施,quartile,lgbm,2024,5275,1266,23.085544857936473,21.606059958307906,-1.479484899628564,-6.408706871477364,0.07303072203895074,-6.455835455524623,0.15393364928909953,0.0
纽约·暴力犯罪,y_violent,减少沿街商业外摆与停车占用,quartile,lgbm,2024,5275,1330,23.085544857936473,22.112103933868422,-0.9734409240680502,-4.216668612581588,-0.3522476377307768,-3.9459012253750574,0.18255924170616114,0.0
纽约·暴力犯罪,y_violent,组合情景（全部措施）,quartile,lgbm,2024,5275,3894,23.085544857936473,20.85532684644567,-2.2302180114907983,-9.660668722419528,-0.09848256766638801,-9.619188999196453,0.3165876777251185,0.0
纽约·暴力犯罪,y_violent,降低围合度（改善视觉通透性）,sd,lgbm,2024,5275,5275,23.085544857936473,20.367721108325107,-2.717823749611366,-11.772837792377329,-6.68591284437731,-5.395281070848911,0.6862559241706161,0.21649289099526067
纽约·暴力犯罪,y_violent,清理占道人行道的设施,sd,lgbm,2024,5275,5275,23.085544857936473,22.118763240589672,-0.9667816173467986,-4.187822394039936,1.2689977885013453,-5.4328219769701045,0.33497630331753553,0.1747867298578199
纽约·暴力犯罪,y_violent,减少沿街商业外摆与停车占用,sd,lgbm,2024,5275,5275,23.085544857936473,21.96155044876735,-1.1239944091691203,-4.8688233961378975,0.5625630830698449,-5.425064526041339,0.37516587677725116,0.8703317535545023
纽约·暴力犯罪,y_violent,组合情景（全部措施）,sd,lgbm,2024,5275,15825,23.085544857936473,19.055528674695797,-4.030016183240677,-17.456881386341706,-5.037312862892144,-13.0682592090723,0.649478672985782,0.8703317535545023
纽约·暴力犯罪,y_violent,降低围合度（改善视觉通透性）,quartile,lgbm,101,5275,1322,25.853941215540214,26.252342331008236,0.3984011154680217,1.540968597965837,0.39746539855450763,1.1226343092537572,0.0909952606635071,0.0
纽约·暴力犯罪,y_violent,清理占道人行道的设施,quartile,lgbm,101,5275,1415,25.853941215540214,25.28386680286703,-0.5700744126731766,-2.204980694898919,0.032980199144483885,-2.233601188993417,0.1414218009478673,0.0
纽约·暴力犯罪,y_violent,减少沿街商业外摆与停车占用,quartile,lgbm,101,5275,1280,25.853941215540214,24.913574472483397,-0.9403667430568128,-3.6372278223158476,-0.052756679340743254,-3.6045518091722317,0.16947867298578198,0.0
纽约·暴力犯罪,y_violent,组合情景（全部措施）,quartile,lgbm,101,5275,4017,25.853941215540214,24.830522366990422,-1.0234188485497846,-3.9584635859488646,0.34130671176252714,-4.313435074170529,0.2938388625592417,0.0
纽约·暴力犯罪,y_violent,降低围合度（改善视觉通透性）,sd,lgbm,101,5275,5275,25.853941215540214,23.965117795193397,-1.888823420346814,-7.30574655755574,-8.168466044481601,1.46210608582009,0.6621800947867299,0.22540284360189575
纽约·暴力犯罪,y_violent,清理占道人行道的设施,sd,lgbm,101,5275,5275,25.853941215540214,25.202427755580803,-0.6515134599594107,-2.5199773393458513,0.799909749221277,-3.269183803555279,0.4085308056872038,0.1770616113744076
纽约·暴力犯罪,y_violent,减少沿街商业外摆与停车占用,sd,lgbm,101,5275,5275,25.853941215540214,25.070896619648234,-0.7830445958919783,-3.028724283713108,1.0841792305702098,-4.044396527887179,0.33061611374407585,0.8798104265402844
纽约·暴力犯罪,y_violent,组合情景（全部措施）,sd,lgbm,101,5275,15825,25.853941215540214,22.809591899009618,-3.044349316530595,-11.775184646512255,-6.93298696376488,-4.592856196663451,0.6504265402843602,0.8798104265402844
纽约·暴力犯罪,y_violent,降低围合度（改善视觉通透性）,quartile,lgbm,555,5275,1346,25.324312756520474,24.709013251306015,-0.615299505214454,-2.429678985290637,0.4904457449165698,-2.9239969164575053,0.12758293838862558,0.0
纽约·暴力犯罪,y_violent,清理占道人行道的设施,quartile,lgbm,555,5275,1313,25.324312756520474,22.779416249073194,-2.5448965074472762,-10.049222389231547,0.03469396019895261,-10.044902653908117,0.20075829383886257,0.0
纽约·暴力犯罪,y_violent,减少沿街商业外摆与停车占用,quartile,lgbm,555,5275,1346,25.324312756520474,24.551653565161722,-0.7726591913587478,-3.051056898512693,-0.34071008574497375,-2.7570880570844865,0.18654028436018957,0.0
纽约·暴力犯罪,y_violent,组合情景（全部措施）,quartile,lgbm,555,5275,4005,25.324312756520474,21.57126105219038,-3.753051704330086,-14.81995480159182,0.03454268379115781,-14.857528429270829,0.3893838862559242,0.0
纽约·暴力犯罪,y_violent,降低围合度（改善视觉通透性）,sd,lgbm,555,5275,5275,25.324312756520474,23.423956014599934,-1.9003567419205307,-7.504080210157842,-7.035878173750584,0.7895974964466148,0.653649289099526,0.22312796208530805
纽约·暴力犯罪,y_violent,清理占道人行道的设施,sd,lgbm,555,5275,5275,25.324312756520474,22.83492399613789,-2.4893887603825826,-9.830034814040976,0.953585957211126,-10.685287150222377,0.4680568720379147,0.18919431279620852
纽约·暴力犯罪,y_violent,减少沿街商业外摆与停车占用,sd,lgbm,555,5275,5275,25.324312756520474,24.38578712654424,-0.9385256299762291,-3.7060260588298832,0.551650964058279,-4.23487160527944,0.38180094786729857,0.8718483412322275
纽约·暴力犯罪,y_violent,组合情景（全部措施）,sd,lgbm,555,5275,15825,25.324312756520474,20.83233057404573,-4.491982182474738,-17.73782461803686,-5.85407653812177,-11.48902367670916,0.6513744075829384,0.8718483412322275
纽约·暴力犯罪,y_violent,降低围合度（改善视觉通透性）,quartile,rf,42,5275,1281,24.358639422346382,25.20977256189998,0.8511331395535997,3.494173565263987,-0.9698562007650425,4.615046431956498,0.27431279620853083,0.0
纽约·暴力犯罪,y_violent,清理占道人行道的设施,quartile,rf,42,5275,1319,24.358639422346382,23.85551797112296,-0.5031214512234189,-2.0654743579884025,-0.05251103004393597,-2.0018554580254175,0.3232227488151659,0.0
纽约·暴力犯罪,y_violent,减少沿街商业外摆与停车占用,quartile,rf,42,5275,1360,24.358639422346382,24.49774659814871,0.13910717580232465,0.5710794161791691,-0.24611186865570117,0.8292986019401265,0.30274881516587676,0.0
纽约·暴力犯罪,y_violent,组合情景（全部措施）,quartile,rf,42,5275,3960,24.358639422346382,24.831463773106513,0.47282435076013,1.9410950774465896,-1.3252543249741828,3.508884374349273,0.33478672985781993,0.0
纽约·暴力犯罪,y_violent,降低围合度（改善视觉通透性）,sd,rf,42,5275,5275,24.358639422346382,29.11520631272678,4.756566890380399,19.527227313101776,-7.73658706624341,30.694031538205348,0.3975355450236967,0.22180094786729856
纽约·暴力犯罪,y_violent,清理占道人行道的设施,sd,rf,42,5275,5275,24.358639422346382,24.76107033195616,0.4024309096097763,1.6521075033468005,-0.5926574339759382,2.3147468470118278,0.25554502369668247,0.18180094786729858
纽约·暴力犯罪,y_violent,减少沿街商业外摆与停车占用,sd,rf,42,5275,5275,24.358639422346382,24.404226687873958,0.04558726552757788,0.18715029496169872,-0.10301692053087746,0.29221593764449244,0.3685308056872038,0.8699526066350711
纽约·暴力犯罪,y_violent,组合情景（全部措施）,sd,rf,42,5275,15825,24.358639422346382,28.829713364261934,4.471073941915552,18.355187514347914,-8.648325574762834,30.772673182130056,0.3184834123222749,0.8699526066350711
纽约·暴力犯罪,y_violent,降低围合度（改善视觉通透性）,quartile,rf,7,5275,1250,22.565195748224824,24.160765558542764,1.5955698103179405,7.070932723654579,-1.0076272438361176,8.386607633060429,0.31203791469194314,0.0
纽约·暴力犯罪,y_violent,清理占道人行道的设施,quartile,rf,7,5275,1351,22.565195748224824,21.871839010633824,-0.6933567375909989,-3.072682131044861,-0.024747436774198044,-3.029853829555447,0.3728909952606635,0.0
纽约·暴力犯罪,y_violent,减少沿街商业外摆与停车占用,quartile,rf,7,5275,1268,22.565195748224824,22.519793774560195,-0.04540197366462487,-0.20120354448153452,-0.16415670356752834,-0.034642455956022826,0.34881516587677724,0.0
纽约·暴力犯罪,y_violent,组合情景（全部措施）,quartile,rf,7,5275,3869,22.565195748224824,23.3322503883171,0.7670546400922773,3.3992820122228298,-1.1996720511451782,4.944014854628858,0.30786729857819906,0.0
纽约·暴力犯罪,y_violent,降低围合度（改善视觉通透性）,sd,rf,7,5275,5275,22.565195748224824,27.907388624203683,5.342192875978864,23.67448053890305,-7.797588991102077,35.50587067434899,0.40739336492890993,0.22540284360189575
纽约·暴力犯罪,y_violent,清理占道人行道的设施,sd,rf,7,5275,5275,22.565195748224824,23.18669170570041,0.6214959574755927,2.754223647824926,-0.7830765597627005,3.658148849601213,0.2828436018957346,0.18672985781990523
纽约·暴力犯罪,y_violent,减少沿街商业外摆与停车占用,sd,rf,7,5275,5275,22.565195748224824,22.40846293860167,-0.15673280962315264,-0.6945776645233961,-0.07517472856014004,-0.6186169430054854,0.36,0.8822748815165877
纽约·暴力犯罪,y_violent,组合情景（全部措施）,sd,rf,7,5275,15825,22.565195748224824,27.75813130823764,5.192935560012816,23.013031298083632,-8.72619374460993,36.128810552526595,0.3355450236966825,0.8822748815165877
纽约·暴力犯罪,y_violent,降低围合度（改善视觉通透性）,quartile,rf,2024,5275,1298,23.258543917426103,24.235133853429915,0.9765899360038122,4.198843829050354,-0.9837614324183092,5.3708719282081425,0.25516587677725117,0.0
纽约·暴力犯罪,y_violent,清理占道人行道的设施,quartile,rf,2024,5275,1266,23.258543917426103,22.807261252438952,-0.451282664987152,-1.940287692081341,-0.0010878573508845781,-1.9269697084293367,0.29914691943127963,0.0
纽约·暴力犯罪,y_violent,减少沿街商业外摆与停车占用,quartile,rf,2024,5275,1330,23.258543917426103,23.153044041951333,-0.10549987547477035,-0.45359621758491175,-0.22504557682226004,-0.23319748525747355,0.33592417061611374,0.0
纽约·暴力犯罪,y_violent,组合情景（全部措施）,quartile,rf,2024,5275,3894,23.258543917426103,23.681897566757637,0.4233536493315366,1.8202070208459844,-1.2158762221371837,3.26353906360472,0.31734597156398103,0.0
纽约·暴力犯罪,y_violent,降低围合度（改善视觉通透性）,sd,rf,2024,5275,5275,23.258543917426103,28.03018449879191,4.771640581365809,20.51564619997872,-7.498005657688809,31.467146803389223,0.4136492890995261,0.21649289099526067
纽约·暴力犯罪,y_violent,清理占道人行道的设施,sd,rf,2024,5275,5275,23.258543917426103,23.879566544012945,0.6210226265868457,2.670083857319865,-0.615431300883633,3.355775974447457,0.23014218009478674,0.1747867298578199
纽约·暴力犯罪,y_violent,减少沿街商业外摆与停车占用,sd,rf,2024,5275,5275,23.258543917426103,23.121149844187684,-0.13739407323841676,-0.5907251706134381,-0.1482124756195258,-0.44341233230533067,0.3893838862559242,0.8703317535545023
纽约·暴力犯罪,y_violent,组合情景（全部措施）,sd,rf,2024,5275,15825,23.258543917426103,27.931019760015523,4.672475842589425,20.089287872783153,-8.388721884436437,32.23816151831555,0.3427488151658768,0.8703317535545023
纽约·暴力犯罪,y_violent,降低围合度（改善视觉通透性）,quartile,rf,101,5275,1322,25.63560382419252,28.01117378449841,2.375569960305896,9.26668229310071,-1.275564936568935,11.001561375103744,0.24625592417061612,0.0
纽约·暴力犯罪,y_violent,清理占道人行道的设施,quartile,rf,101,5275,1415,25.63560382419252,25.4933794293437,-0.14222439484881536,-0.5547924512493717,-0.04009282752338432,-0.5191026454126476,0.34199052132701424,0.0
纽约·暴力犯罪,y_violent,减少沿街商业外摆与停车占用,quartile,rf,101,5275,1280,25.63560382419252,25.68284784559884,0.04724402140632133,0.18429065190084104,-0.15171771273916274,0.33991069343475244,0.30881516587677726,0.0
纽约·暴力犯罪,y_violent,组合情景（全部措施）,quartile,rf,101,5275,4017,25.63560382419252,28.168567277758797,2.532963453566283,9.880646740124394,-1.4932487403806796,11.967923516687938,0.3469194312796208,0.0
纽约·暴力犯罪,y_violent,降低围合度（改善视觉通透性）,sd,rf,101,5275,5275,25.63560382419252,42.29611493141486,16.660511107222348,64.98973545339196,-8.513648148607874,84.6755728347733,0.3103317535545024,0.22540284360189575
纽约·暴力犯罪,y_violent,清理占道人行道的设施,sd,rf,101,5275,5275,25.63560382419252,26.424938709080557,0.7893348848880394,3.079057120328634,-0.6399355984078895,3.765203642019881,0.32549763033175355,0.1770616113744076
纽约·暴力犯罪,y_violent,减少沿街商业外摆与停车占用,sd,rf,101,5275,5275,25.63560382419252,25.738216332098418,0.10261250790590583,0.40027341899030916,-0.04544531665031897,0.4433024511066064,0.3562085308056872,0.8798104265402844
纽约·暴力犯罪,y_violent,组合情景（全部措施）,sd,rf,101,5275,15825,25.63560382419252,43.05685981357256,17.421255989380047,67.95726798110162,-9.423926919288794,89.99711012597044,0.28454976303317536,0.8798104265402844
纽约·暴力犯罪,y_violent,降低围合度（改善视觉通透性）,quartile,rf,555,5275,1346,25.38435979035226,26.67093698022363,1.2865771898713703,5.068385417229845,-1.03461302774131,6.349579565555247,0.2762085308056872,0.0
纽约·暴力犯罪,y_violent,清理占道人行道的设施,quartile,rf,555,5275,1313,25.38435979035226,24.55624099234071,-0.8281187980115474,-3.2623190218344114,-0.08170416575387174,-3.2006830770791646,0.3163981042654028,0.0
纽约·暴力犯罪,y_violent,减少沿街商业外摆与停车占用,quartile,rf,555,5275,1346,25.38435979035226,25.43811330416388,0.05375351381161878,0.21175839869732968,-0.1997001106651886,0.41081762855661086,0.33308056872037917,0.0
纽约·暴力犯罪,y_violent,组合情景（全部措施）,quartile,rf,555,5275,4005,25.38435979035226,25.820287051976276,0.4359272616240111,1.7173065037854227,-1.2794445469498394,3.2248865553335397,0.33478672985781993,0.0
纽约·暴力犯罪,y_violent,降低围合度（改善视觉通透性）,sd,rf,555,5275,5275,25.38435979035226,35.64918538884519,10.26482559849293,40.43759891235959,-7.555830482139997,54.76209179509134,0.334218009478673,0.22312796208530805
纽约·暴力犯罪,y_violent,清理占道人行道的设施,sd,rf,555,5275,5275,25.38435979035226,25.49493100562047,0.11057121526820286,0.4355879611753189,-0.5556995342907546,1.0442847386262564,0.27374407582938387,0.18919431279620852
纽约·暴力犯罪,y_violent,减少沿街商业外摆与停车占用,sd,rf,555,5275,5275,25.38435979035226,25.378818656808985,-0.005541133543279037,-0.02182892769028997,-0.0940027896781133,0.07254239930375532,0.36777251184834125,0.8718483412322275
纽约·暴力犯罪,y_violent,组合情景（全部措施）,sd,rf,555,5275,15825,25.38435979035226,35.54993951203615,10.165579721683882,40.04662637009847,-8.21419719906985,55.325030532863366,0.2682464454976303,0.8718483412322275
香港·交通事故,event_count,清理占道人行道的设施,quartile,xgb,42,3113,809,4.024178981781006,3.981834650039673,-0.04234452173113823,-1.0522524118423462,0.42351385951042175,-1.4818145036697388,0.13588178605846452,0.0
香港·交通事故,event_count,减少沿街商业外摆与停车占用,quartile,xgb,42,3113,720,4.024178981781006,3.9785232543945312,-0.04565609246492386,-1.1345443725585938,-0.6100805401802063,-0.595591127872467,0.13234821715387085,0.0
香港·交通事故,event_count,组合情景（全部措施）,quartile,xgb,42,3113,1529,4.024178981781006,3.9395408630371094,-0.08463790267705917,-2.103234052658081,-0.1379384994506836,-2.0419535636901855,0.2364278830709926,0.0
香港·交通事故,event_count,清理占道人行道的设施,sd,xgb,42,3113,3113,4.024178981781006,3.8991875648498535,-0.12499140202999115,-3.1060099601745605,-0.13611412048339844,-2.995941638946533,0.4895599100546097,0.1256023128814648
香港·交通事故,event_count,减少沿街商业外摆与停车占用,sd,xgb,42,3113,3113,4.024178981781006,3.9919044971466064,-0.03227438032627106,-0.8020115494728088,-0.09396441280841827,-0.7531708478927612,0.20848056537102475,0.9662704786379698
香港·交通事故,event_count,组合情景（全部措施）,sd,xgb,42,3113,6226,4.024178981781006,3.8692431449890137,-0.1549357771873474,-3.85012149810791,-0.4331601560115814,-3.5090062618255615,0.49951814969482816,0.9662704786379698
香港·交通事故,event_count,清理占道人行道的设施,quartile,xgb,7,3113,743,3.9757187366485596,3.863924980163574,-0.1117933988571167,-2.811904191970825,0.6396699547767639,-3.4439570903778076,0.13234821715387085,0.0
香港·交通事故,event_count,减少沿街商业外摆与停车占用,quartile,xgb,7,3113,788,3.9757187366485596,3.944364547729492,-0.031354065984487534,-0.7886388897895813,-0.9016221761703491,0.06523774564266205,0.13748795374237072,0.0
香港·交通事故,event_count,组合情景（全部措施）,quartile,xgb,7,3113,1531,3.9757187366485596,3.8344473838806152,-0.1412709504365921,-3.5533437728881836,-0.2445075362920761,-3.369058132171631,0.24221008673305494,0.0
香港·交通事故,event_count,清理占道人行道的设施,sd,xgb,7,3113,3113,3.9757187366485596,3.87302303314209,-0.10269534587860107,-2.583063840866089,1.2633023262023926,-3.8983356952667236,0.40957275939608095,0.14359139094121426
香港·交通事故,event_count,减少沿街商业外摆与停车占用,sd,xgb,7,3113,3113,3.9757187366485596,3.964674949645996,-0.011043567210435867,-0.277775377035141,-0.4108598530292511,0.10423656553030014,0.18792161901702537,0.9617732091230324
香港·交通事故,event_count,组合情景（全部措施）,sd,xgb,7,3113,6226,3.9757187366485596,3.871797800064087,-0.1039208322763443,-2.6138880252838135,1.038060188293457,-3.7722911834716797,0.40154192097654995,0.9617732091230324
香港·交通事故,event_count,清理占道人行道的设施,quartile,xgb,2024,3113,806,4.188133239746094,4.08076286315918,-0.10737092792987823,-2.5636942386627197,0.8279402256011963,-3.382534980773926,0.1310632830067459,0.0
香港·交通事故,event_count,减少沿街商业外摆与停车占用,quartile,xgb,2024,3113,755,4.188133239746094,4.156798362731934,-0.03133502975106239,-0.7481860518455505,-0.8653185367584229,0.06208384782075882,0.1423064567940893,0.0
香港·交通事故,event_count,组合情景（全部措施）,quartile,xgb,2024,3113,1561,4.188133239746094,4.048229694366455,-0.13990367949008942,-3.3404781818389893,0.030582016333937645,-3.4248504638671875,0.24542242210086734,0.0
香港·交通事故,event_count,清理占道人行道的设施,sd,xgb,2024,3113,3113,4.188133239746094,4.110864639282227,-0.07726913690567017,-1.844954013824463,0.13650371134281158,-1.915330171585083,0.43912624477995504,0.13427561837455831
香港·交通事故,event_count,减少沿街商业外摆与停车占用,sd,xgb,2024,3113,3113,4.188133239746094,4.186971187591553,-0.0011623228201642632,-0.027752766385674477,-0.27815356850624084,0.21657992899417877,0.2161901702537745,0.9656280115644074
香港·交通事故,event_count,组合情景（全部措施）,sd,xgb,2024,3113,6226,4.188133239746094,4.110945224761963,-0.07718813419342041,-1.8430200815200806,-0.41258686780929565,-1.420119047164917,0.44073241246386125,0.9656280115644074
香港·交通事故,event_count,清理占道人行道的设施,quartile,xgb,101,3113,786,4.1226396560668945,3.9846878051757812,-0.13795216381549835,-3.3462095260620117,0.5633978247642517,-3.8919613361358643,0.1551557982653389,0.0
香港·交通事故,event_count,减少沿街商业外摆与停车占用,quartile,xgb,101,3113,775,4.1226396560668945,4.079467296600342,-0.043172698467969894,-1.0472100973129272,-1.1477282047271729,0.04512355476617813,0.14037905557340186,0.0
香港·交通事故,event_count,组合情景（全部措施）,quartile,xgb,101,3113,1561,4.1226396560668945,3.9447906017303467,-0.17784953117370605,-4.313972473144531,-0.5563132762908936,-3.80763840675354,0.2621265660134918,0.0
香港·交通事故,event_count,清理占道人行道的设施,sd,xgb,101,3113,3113,4.1226396560668945,3.9887027740478516,-0.13393713533878326,-3.2488200664520264,1.3447906970977783,-4.592245578765869,0.4763893350465789,0.1262447799550273
香港·交通事故,event_count,减少沿街商业外摆与停车占用,sd,xgb,101,3113,3113,4.1226396560668945,4.108936786651611,-0.013702956028282642,-0.33238306641578674,-0.3236212432384491,-0.019712010398507118,0.2059106970767748,0.9582396402184388
香港·交通事故,event_count,组合情景（全部措施）,sd,xgb,101,3113,6226,4.1226396560668945,3.9852774143218994,-0.13736233115196228,-3.331902265548706,1.0267211198806763,-4.371159553527832,0.448442017346611,0.9582396402184388
香港·交通事故,event_count,清理占道人行道的设施,quartile,xgb,555,3113,790,4.051677703857422,3.974992513656616,-0.07668560743331909,-1.8926877975463867,0.24911153316497803,-2.15873646736145,0.13845165435271442,0.0
香港·交通事故,event_count,减少沿街商业外摆与停车占用,quartile,xgb,555,3113,773,4.051677703857422,4.0218400955200195,-0.029838088899850845,-0.7364379167556763,-0.6297521591186523,-0.1577296257019043,0.11917764214584002,0.0
香港·交通事故,event_count,组合情景（全部措施）,quartile,xgb,555,3113,1563,4.051677703857422,3.948090076446533,-0.10358786582946777,-2.5566658973693848,-0.3606802523136139,-2.2785606384277344,0.23128814648249277,0.0
香港·交通事故,event_count,清理占道人行道的设施,sd,xgb,555,3113,3113,4.051677703857422,3.9268274307250977,-0.12485063076019287,-3.0814552307128906,0.2277611345052719,-3.355685234069824,0.5354963058143271,0.13202698361708962
香港·交通事故,event_count,减少沿街商业外摆与停车占用,sd,xgb,555,3113,3113,4.051677703857422,4.043276309967041,-0.008401665836572647,-0.20736263692378998,-0.08107727766036987,-0.16616323590278625,0.1641503372952136,0.9646643109540636
香港·交通事故,event_count,组合情景（全部措施）,sd,xgb,555,3113,6226,4.051677703857422,3.9319019317626953,-0.1197761595249176,-2.956211566925049,0.16620700061321259,-3.2398393154144287,0.48024413748795375,0.9646643109540636
香港·交通事故,event_count,清理占道人行道的设施,quartile,lgbm,42,3113,809,4.022867518456324,3.9195909966703644,-0.10327652178595936,-2.567236462849992,0.41364963264358173,-2.994611288332855,0.1493735946032766,0.0
香港·交通事故,event_count,减少沿街商业外摆与停车占用,quartile,lgbm,42,3113,720,4.022867518456324,3.990084781630094,-0.03278273682622999,-0.8149096801181649,-0.5576068996345627,-0.30421420537999766,0.13009958239640218,0.0
香港·交通事故,event_count,组合情景（全部措施）,quartile,lgbm,42,3113,1529,4.022867518456324,3.888542328380587,-0.13432519007573687,-3.339040857285821,-0.12612848719052724,-3.2813002382201684,0.25056215868936715,0.0
香港·交通事故,event_count,清理占道人行道的设施,sd,lgbm,42,3113,3113,4.022867518456324,3.764961002398659,-0.2579065160576651,-6.411011918101404,-0.470904053238912,-6.071671436971745,0.560873755220045,0.1256023128814648
香港·交通事故,event_count,减少沿街商业外摆与停车占用,sd,lgbm,42,3113,3113,4.022867518456324,3.9964308936838853,-0.026436624772439063,-0.6571587220099027,-0.15274364948000096,-0.5361409481403397,0.20398329585608738,0.9662704786379698
香港·交通事故,event_count,组合情景（全部措施）,sd,lgbm,42,3113,6226,4.022867518456324,3.7425276274915444,-0.28033989096477985,-6.968658293583413,-0.7628756728795532,-6.396952047488411,0.5579826533890138,0.9662704786379698
香港·交通事故,event_count,清理占道人行道的设施,quartile,lgbm,7,3113,743,3.9684068106729993,3.7801668498536296,-0.18823996081937044,-4.743464312003006,0.42019707365730913,-5.1444557874456125,0.1631866366848699,0.0
香港·交通事故,event_count,减少沿街商业外摆与停车占用,quartile,lgbm,7,3113,788,3.9684068106729993,3.924748900490537,-0.04365791018246316,-1.100136963404194,-1.024911669535705,-0.10376502444945683,0.14166398972052682,0.0
香港·交通事故,event_count,组合情景（全部措施）,quartile,lgbm,7,3113,1531,3.9684068106729993,3.73085994417651,-0.23754686649648996,-5.985950479109388,-0.6958982156641833,-5.324826492676466,0.27497590748474143,0.0
香港·交通事故,event_count,清理占道人行道的设施,sd,lgbm,7,3113,3113,3.9684068106729993,3.7233644264326555,-0.2450423842403445,-6.174830251306517,0.5956651163876051,-6.854283498867936,0.5120462576292965,0.14359139094121426
香港·交通事故,event_count,减少沿街商业外摆与停车占用,sd,lgbm,7,3113,3113,3.9684068106729993,3.9365520340814264,-0.031854776591573625,-0.8027094527179132,-0.523663287739717,-0.3044463490963965,0.2033408287825249,0.9617732091230324
香港·交通事故,event_count,组合情景（全部措施）,sd,lgbm,7,3113,6226,3.9684068106729993,3.6939767090486506,-0.27443010162434933,-6.915372206455037,-0.11960846962535042,-6.9632802807637155,0.5142948923867652,0.9617732091230324
香港·交通事故,event_count,清理占道人行道的设施,quartile,lgbm,2024,3113,806,4.161163732438258,4.047637188785803,-0.11352654365245383,-2.728240246050888,1.0647275550988662,-3.765113314791444,0.13620301959524575,0.0
香港·交通事故,event_count,减少沿街商业外摆与停车占用,quartile,lgbm,2024,3113,755,4.161163732438258,4.138765372716528,-0.022398359721729374,-0.5382715308009505,-0.63930752580036,0.03201597428116487,0.13074204946996468,0.0
香港·交通事故,event_count,组合情景（全部措施）,quartile,lgbm,2024,3113,1561,4.161163732438258,4.02981449856156,-0.13134923387669675,-3.1565504825673347,0.4897559032517336,-3.692582257013108,0.23739158368133634,0.0
香港·交通事故,event_count,清理占道人行道的设施,sd,lgbm,2024,3113,3113,4.161163732438258,3.9525721017927897,-0.20859163064546699,-5.012819587448474,0.10103335790465119,-5.1682814603871865,0.5358175393511082,0.13427561837455831
香港·交通事故,event_count,减少沿街商业外摆与停车占用,sd,lgbm,2024,3113,3113,4.161163732438258,4.16544214691637,0.004278414478113366,0.10281773929636757,-0.09653184158012784,0.1575623510003392,0.19755862512046257,0.9656280115644074
香港·交通事故,event_count,组合情景（全部措施）,sd,lgbm,2024,3113,6226,4.161163732438258,3.961804125230508,-0.19935960720774912,-4.790958011424684,-0.00965096357716632,-4.872030029493793,0.5313202698361709,0.9656280115644074
香港·交通事故,event_count,清理占道人行道的设施,quartile,lgbm,101,3113,786,4.115131607208773,3.954654878995631,-0.16047672821314196,-3.8996742639293314,1.2890581162934522,-5.0614521328516515,0.15162222936074526,0.0
香港·交通事故,event_count,减少沿街商业外摆与停车占用,quartile,lgbm,101,3113,775,4.115131607208773,4.090675222516251,-0.024456384692521895,-0.5943038285745195,-1.0128497643590284,0.36542119034794984,0.1262447799550273,0.0
香港·交通事故,event_count,组合情景（全部措施）,quartile,lgbm,101,3113,1561,4.115131607208773,3.9402265963996346,-0.17490501080913792,-4.250289601983669,0.25999611434749026,-4.4607647025254975,0.2508833922261484,0.0
香港·交通事故,event_count,清理占道人行道的设施,sd,lgbm,101,3113,3113,4.115131607208773,3.874918374454009,-0.2402132327547636,-5.83731592773278,1.6186112687530498,-7.376942115986036,0.5364600064246707,0.1262447799550273
香港·交通事故,event_count,减少沿街商业外摆与停车占用,sd,lgbm,101,3113,3113,4.115131607208773,4.120465436509825,0.005333829301052139,0.12961503568217564,-0.1221778279811241,0.22853032427010342,0.16704143912624478,0.9582396402184388
香港·交通事故,event_count,组合情景（全部措施）,sd,lgbm,101,3113,6226,4.115131607208773,3.8909866984139336,-0.2241449087948394,-5.446846667119676,1.3613433983554146,-6.789933919162899,0.5255380661741086,0.9582396402184388
香港·交通事故,event_count,清理占道人行道的设施,quartile,lgbm,555,3113,790,4.043236135108768,3.9941105804179284,-0.04912555469083943,-1.2150058282341178,0.6020822211829956,-1.8097723664361471,0.13395438483777705,0.0
香港·交通事故,event_count,减少沿街商业外摆与停车占用,quartile,lgbm,555,3113,773,4.043236135108768,4.008174087859803,-0.03506204724896446,-0.867177826803362,-0.6848525078061081,-0.22163641948286253,0.1294571153228397,0.0
香港·交通事故,event_count,组合情景（全部措施）,quartile,lgbm,555,3113,1563,4.043236135108768,3.956257436787901,-0.08697869832086703,-2.1512149034680905,-0.09960710466655137,-2.0877986614313615,0.23771281721811757,0.0
香港·交通事故,event_count,清理占道人行道的设施,sd,lgbm,555,3113,3113,4.043236135108768,3.8591310779270462,-0.18410505718172157,-4.553408483444139,0.7242190881705258,-5.290487189492504,0.5509155155798265,0.13202698361708962
香港·交通事故,event_count,减少沿街商业外摆与停车占用,sd,lgbm,555,3113,3113,4.043236135108768,4.035050423042633,-0.008185712066135603,-0.20245446450817786,-0.17673635799347365,-0.05356531871216089,0.18374558303886926,0.9646643109540636
香港·交通事故,event_count,组合情景（全部措施）,sd,lgbm,555,3113,6226,4.043236135108768,3.853787110107536,-0.189449025001232,-4.685579042890494,0.4488025097832156,-5.214559680033624,0.5309990362993896,0.9646643109540636
香港·交通事故,event_count,清理占道人行道的设施,quartile,rf,42,3113,809,4.0159079529730075,3.971106558570489,-0.04480139440251847,-1.11559813937846,-0.7900189932514013,-0.3678234368816162,0.3000321233536781,0.0
香港·交通事故,event_count,减少沿街商业外摆与停车占用,quartile,rf,42,3113,720,4.0159079529730075,3.9748121179538103,-0.04109583501919709,-1.02332611953353,-0.4252492559398113,-0.6325369673608846,0.30838419530999034,0.0
香港·交通事故,event_count,组合情景（全部措施）,quartile,rf,42,3113,1529,4.0159079529730075,3.929778098655294,-0.08612985431771399,-2.1447168442680913,-1.2200716178685553,-1.0065107378596996,0.3617089624156762,0.0
香港·交通事故,event_count,清理占道人行道的设施,sd,rf,42,3113,3113,4.0159079529730075,4.0447213952060705,0.02881344223306293,0.717482635819183,-1.3405309500654303,2.089594663365442,0.3157725666559589,0.1256023128814648
香港·交通事故,event_count,减少沿街商业外摆与停车占用,sd,rf,42,3113,3113,4.0159079529730075,3.9841631213281876,-0.031744831644819414,-0.7904770730942294,-0.29535118528531845,-0.5159817580039753,0.3035656922582718,0.9662704786379698
香港·交通事故,event_count,组合情景（全部措施）,sd,rf,42,3113,6226,4.0159079529730075,4.015137001831549,-0.0007709511414577269,-0.019197430580722992,-1.648292314777888,1.6439387589189836,0.33890138130420816,0.9662704786379698
香港·交通事故,event_count,清理占道人行道的设施,quartile,rf,7,3113,743,3.991710422975001,3.9546255926426075,-0.037084830332394104,-0.9290461081281285,-0.5009683634175958,-0.4611633285251636,0.2807581111468037,0.0
香港·交通事故,event_count,减少沿街商业外摆与停车占用,quartile,rf,7,3113,788,3.991710422975001,3.9573616789224406,-0.03434874405256058,-0.8605019005101238,-0.5213670914831198,-0.36060070816988005,0.31641503372952134,0.0
香港·交通事故,event_count,组合情景（全部措施）,quartile,rf,7,3113,1531,3.991710422975001,3.921550675511107,-0.07015974746389454,-1.757636201766481,-1.027066881951662,-0.7952963797696273,0.3578541599743013,0.0
香港·交通事故,event_count,清理占道人行道的设施,sd,rf,7,3113,3113,3.991710422975001,4.062848249432675,0.07113782645767362,1.7821389559780483,-0.9753478349422031,2.786870682575323,0.2868615483456473,0.14359139094121426
香港·交通事故,event_count,减少沿街商业外摆与停车占用,sd,rf,7,3113,3113,3.991710422975001,3.96660237229806,-0.025108050676941662,-0.6290048128849177,-0.32085149647968975,-0.30770566023272883,0.289110183103116,0.9617732091230324
香港·交通事故,event_count,组合情景（全部措施）,sd,rf,7,3113,6226,3.991710422975001,4.0388468405340125,0.04713641755901154,1.180857641569125,-1.3269826461822576,2.5457582599961266,0.30645679408930293,0.9617732091230324
香港·交通事故,event_count,清理占道人行道的设施,quartile,rf,2024,3113,806,4.185996413076872,4.142181384961579,-0.04381502811529154,-1.0467048652601634,-0.36820710043360266,-0.7064567504420309,0.2772245422422101,0.0
香港·交通事故,event_count,减少沿街商业外摆与停车占用,quartile,rf,2024,3113,755,4.185996413076872,4.143815084642838,-0.04218132843403286,-1.0076771280133021,-0.6554180199984704,-0.39490038400774596,0.3462897526501767,0.0
香港·交通事故,event_count,组合情景（全部措施）,quartile,rf,2024,3113,1561,4.185996413076872,4.100196626575929,-0.08579978650094122,-2.04968609702833,-1.028797032743637,-1.091974636912831,0.369418567298426,0.0
香港·交通事故,event_count,清理占道人行道的设施,sd,rf,2024,3113,3113,4.185996413076872,4.265940653286331,0.07994424020945987,1.9098019281554452,-1.2874641116081762,3.327945807993653,0.3054930934789592,0.13427561837455831
香港·交通事故,event_count,减少沿街商业外摆与停车占用,sd,rf,2024,3113,3113,4.185996413076872,4.157056011192748,-0.028940401884122773,-0.6913623192249809,-0.41606995707326794,-0.29370804918382315,0.336010279473177,0.9656280115644074
香港·交通事故,event_count,组合情景（全部措施）,sd,rf,2024,3113,6226,4.185996413076872,4.237307883531883,0.051311470455011804,1.2257886866485834,-1.755202508520468,3.118027112796931,0.3318342434950209,0.9656280115644074
香港·交通事故,event_count,清理占道人行道的设施,quartile,rf,101,3113,786,4.113747811257548,4.012560690390243,-0.10118712086730408,-2.459730773733837,-0.4596579310038248,-2.0581984576060575,0.2804368776100225,0.0
香港·交通事故,event_count,减少沿街商业外摆与停车占用,quartile,rf,101,3113,775,4.113747811257548,4.075948345580028,-0.03779946567751979,-0.9188571446718002,-0.6889459935839612,-0.2755583702521789,0.3299068422743334,0.0
香港·交通事故,event_count,组合情景（全部措施）,quartile,rf,101,3113,1561,4.113747811257548,3.977086774329491,-0.13666103692805684,-3.322056752095369,-1.181178797945871,-2.2392447116370278,0.33087054288467715,0.0
香港·交通事故,event_count,清理占道人行道的设施,sd,rf,101,3113,3113,4.113747811257548,4.104398396731768,-0.009349414525779781,-0.22727242783805263,-0.6918018398457791,0.4554029057990048,0.3231609380019274,0.1262447799550273
香港·交通事故,event_count,减少沿街商业外摆与停车占用,sd,rf,101,3113,3113,4.113747811257548,4.092024865767917,-0.021722945489630146,-0.5280572968081281,-0.3879472365696902,-0.1560534110335781,0.30742049469964666,0.9582396402184388
香港·交通事故,event_count,组合情景（全部措施）,sd,rf,101,3113,6226,4.113747811257548,4.085487816489099,-0.02825999476844884,-0.6869646868267777,-1.1031847818787732,0.4112746269168191,0.34436235142948923,0.9582396402184388
香港·交通事故,event_count,清理占道人行道的设施,quartile,rf,555,3113,790,4.048763050307199,4.022267445689516,-0.026495604617683556,-0.6544123300985274,-0.7337831911603002,0.03239663441317908,0.32251847092836494,0.0
香港·交通事故,event_count,减少沿街商业外摆与停车占用,quartile,rf,555,3113,773,4.048763050307199,4.01512502552414,-0.033638024783059516,-0.830822262629255,-0.5123237248167541,-0.35608080533227415,0.32926437520077095,0.0
香港·交通事故,event_count,组合情景（全部措施）,quartile,rf,555,3113,1563,4.048763050307199,3.986143218548526,-0.06261983175867346,-1.5466410600126916,-1.2837883521193667,-0.34348942997395293,0.34596851911339543,0.0
香港·交通事故,event_count,清理占道人行道的设施,sd,rf,555,3113,3113,4.048763050307199,4.0874538902645945,0.038690839957394904,0.9556212471969492,-1.1680871987306332,2.1680705620725584,0.3318342434950209,0.13202698361708962
香港·交通事故,event_count,减少沿街商业外摆与停车占用,sd,rf,555,3113,3113,4.048763050307199,4.02200129612973,-0.0267617541774693,-0.6609859318746438,-0.37502347474966924,-0.3064658623038577,0.31480886604561514,0.9646643109540636
香港·交通事故,event_count,组合情景（全部措施）,sd,rf,555,3113,6226,4.048763050307199,4.05760446323588,0.008841412928680337,0.21837318753463472,-1.626912205038296,1.8785388167437826,0.3581753935110826,0.9646643109540636
