AUC,PR_AUC,Recall,n_test,R2_pos,MAE_pos,city,radius,group,n_features,bootstrap_p_le0
0.9574442198262954,0.9880344713070672,0.9464285714285714,831,0.5839377641677856,28.182735443115234,ny,100,G1_history_only,1.0,
0.71422020065888,0.888435117657822,0.9330357142857143,831,-0.16378533840179443,43.10225296020508,ny,100,G2_coords_only,4.0,
0.7487224842767295,0.9002654472711804,0.9464285714285714,831,-0.6880723237991333,53.42000961303711,ny,100,G3_population_only,3.0,
0.7106403489068583,0.9040086303429121,0.9523809523809523,831,-0.7456235885620117,54.42975616455078,ny,100,G4_density_access_only,7.0,
0.73655566786463,0.9009606240015902,0.9002976190476191,831,-0.7797044515609741,52.81396484375,ny,100,G5_streetview_only,8.0,
0.9576688379754419,0.9896911014728775,0.9404761904761905,831,0.4292892813682556,27.662885665893555,ny,100,G6_history_plus_macro,11.0,
0.9513280548068284,0.9881251235788346,0.9300595238095238,831,0.3125145435333252,26.322526931762695,ny,100,G7_full,23.0,
-0.005902324618798291,,,831,,,ny,100,G7_vs_G1_delta,,0.928
0.9612192701841246,0.9877632260459503,0.9541446208112875,2875,0.870176374912262,20.70028305053711,ny,200,G1_history_only,1.0,
0.748067446516101,0.9036213077520578,0.95326278659612,2875,-0.009045600891113281,44.23381042480469,ny,200,G2_coords_only,4.0,
0.7314938300660431,0.889807923766756,0.9497354497354498,2875,-0.05573892593383789,48.62687683105469,ny,200,G3_population_only,3.0,
0.7090172270018509,0.8870240854500149,0.9664902998236331,2875,-0.06275284290313721,50.09160614013672,ny,200,G4_density_access_only,7.0,
0.7415492098358655,0.9035687015068095,0.9435626102292769,2875,-0.08138692378997803,48.68061065673828,ny,200,G5_streetview_only,8.0,
0.9592809056016084,0.988910689483553,0.9440035273368607,2875,0.5533900260925293,22.182828903198242,ny,200,G6_history_plus_macro,11.0,
0.9586438639156926,0.9887515136408591,0.9448853615520282,2875,0.382127046585083,22.858905792236328,ny,200,G7_full,23.0,
-0.0025867584666669483,,,2875,,,ny,200,G7_vs_G1_delta,,0.902
0.9559655285245585,0.9807971410480789,0.9489505053122571,5275,0.6326471567153931,20.49890899658203,ny,300,G1_history_only,1.0,
0.7538192141636764,0.8798928912869455,0.9383259911894273,5275,0.00018513202667236328,38.92113494873047,ny,300,G2_coords_only,4.0,
0.7257930686647839,0.8606606151019508,0.9432495465146411,5275,-0.03882730007171631,42.617454528808594,ny,300,G3_population_only,3.0,
0.7104167490187293,0.8541088284678076,0.9525783881834672,5275,-0.04381251335144043,43.69142532348633,ny,300,G4_density_access_only,7.0,
0.7345674064443967,0.8700517407333012,0.9238144597045866,5275,-0.05134260654449463,43.09846115112305,ny,300,G5_streetview_only,8.0,
0.9563272370846345,0.9831666680217318,0.9455817569318477,5275,0.4730663299560547,21.125818252563477,ny,300,G6_history_plus_macro,11.0,
0.9569946548021135,0.9835122918794683,0.9440269499870433,5275,0.440673291683197,20.98021697998047,ny,300,G7_full,23.0,
0.0008912614396686427,,,5275,,,ny,300,G7_vs_G1_delta,,0.238
0.9648653096545643,0.9698231458829613,0.938635827236252,7524,0.48748689889907837,21.605915069580078,ny,400,G1_history_only,1.0,
0.7441432010683693,0.7750130244170541,0.8133113051687515,7524,-0.04318273067474365,38.57388687133789,ny,400,G2_coords_only,4.0,
0.7018805675500264,0.7323062357625313,0.7967901817323578,7524,-0.027381062507629395,41.34483337402344,ny,400,G3_population_only,3.0,
0.6894911610302248,0.726286281408693,0.7153646447958462,7524,-0.03684437274932861,42.08054733276367,ny,400,G4_density_access_only,7.0,
0.7082971237419867,0.7414205537528002,0.7679962237432145,7524,-0.054094672203063965,41.67292404174805,ny,400,G5_streetview_only,8.0,
0.966158192216152,0.9749911635178201,0.9317913618126032,7524,0.4853975772857666,21.048519134521484,ny,400,G6_history_plus_macro,11.0,
0.9665150525033389,0.9754490224327474,0.9313193297144206,7524,0.5158528089523315,20.697763442993164,ny,400,G7_full,23.0,
0.001628827444156698,,,7524,,,ny,400,G7_vs_G1_delta,,0.024
0.9751142369034841,0.9699422157050797,0.939343875383526,9430,0.6466841697692871,18.940549850463867,ny,500,G1_history_only,1.0,
0.7949753623878042,0.7563373813412525,0.6606089214066556,9430,-0.17649948596954346,37.71335220336914,ny,500,G2_coords_only,4.0,
0.730760499339605,0.6821871971700654,0.5999527967901818,9430,-0.062087059020996094,40.98091125488281,ny,500,G3_population_only,3.0,
0.716234468241934,0.6772992801707924,0.5173471796082133,9430,-0.07750654220581055,42.29349899291992,ny,500,G4_density_access_only,7.0,
0.7366980095798064,0.6977916508558661,0.5718668869483124,9430,-0.09559988975524902,41.7061882019043,ny,500,G5_streetview_only,8.0,
0.9772825349350793,0.9776722545366361,0.9395798914326174,9430,0.5337804555892944,19.254663467407227,ny,500,G6_history_plus_macro,11.0,
0.9771501196146426,0.9777975945634367,0.9379277790889781,9430,0.5895189046859741,18.554121017456055,ny,500,G7_full,23.0,
0.0020219669550481088,,,9430,,,ny,500,G7_vs_G1_delta,,0.006
0.8496924093751589,0.8444421806010909,0.7707865168539326,887,0.5181338787078857,1.6755142211914062,hk,100,G1_history_only,1.0,
0.6480349789008084,0.6497843272738075,0.6359550561797753,887,0.05855900049209595,2.4761803150177,hk,100,G2_coords_only,4.0,
0.6174919924754689,0.6444805739318338,0.5325842696629214,887,-0.006919264793395996,2.594278335571289,hk,100,G3_population_only,1.0,
0.6215288016675986,0.6010023312471973,0.550561797752809,887,-0.06175696849822998,2.507662773132324,hk,100,G4_density_access_only,7.0,
0.6786440591794194,0.6975336367553722,0.6337078651685393,887,-0.06901037693023682,2.5330991744995117,hk,100,G5_streetview_only,8.0,
0.8417738573389597,0.8592302865240184,0.7258426966292135,887,0.5153582096099854,1.6761583089828491,hk,100,G6_history_plus_macro,9.0,
0.8256647516396359,0.845249780131471,0.7033707865168539,887,0.5148465633392334,1.7191247940063477,hk,100,G7_full,21.0,
-0.02423959701920883,,,887,,,hk,100,G7_vs_G1_delta,,0.992
0.8679515098722417,0.8437466399692192,0.766260162601626,2104,0.6403974294662476,1.5866947174072266,hk,200,G1_history_only,1.0,
0.7334744301684087,0.6962087150963101,0.592479674796748,2104,0.1369432806968689,2.353724956512451,hk,200,G2_coords_only,4.0,
0.646537456445993,0.6151277156943878,0.4806910569105691,2104,0.03451502323150635,2.5232882499694824,hk,200,G3_population_only,1.0,
0.6734293336236933,0.6403852405375281,0.4888211382113821,2104,0.07422441244125366,2.461169958114624,hk,200,G4_density_access_only,7.0,
0.7142866216608594,0.6935654522753683,0.584349593495935,2104,0.08669877052307129,2.3757197856903076,hk,200,G5_streetview_only,8.0,
0.8714607832462253,0.8698072914555235,0.7550813008130082,2104,0.5833151340484619,1.6534793376922607,hk,200,G6_history_plus_macro,9.0,
0.8690022502903602,0.8672581467071302,0.75,2104,0.5625277161598206,1.6749063730239868,hk,200,G7_full,21.0,
0.001010554193773819,,,2104,,,hk,200,G7_vs_G1_delta,,0.422
0.8720491995619752,0.8183560589990116,0.7566225165562914,3113,0.6102805137634277,1.5511716604232788,hk,300,G1_history_only,1.0,
0.7763414506961465,0.6684911444671144,0.5562913907284768,3113,0.08098280429840088,2.356893301010132,hk,300,G2_coords_only,4.0,
0.67281465644609,0.5563497323322135,0.3576158940397351,3113,0.03485065698623657,2.4210257530212402,hk,300,G3_population_only,1.0,
0.7206871078201318,0.6033082923797102,0.4379139072847682,3113,-0.08256113529205322,2.523705005645752,hk,300,G4_density_access_only,7.0,
0.7498035841546298,0.6354389124860345,0.5198675496688742,3113,-0.1258554458618164,2.547314167022705,hk,300,G5_streetview_only,8.0,
0.8792225061271315,0.8426068154788366,0.7417218543046358,3113,0.5390779972076416,1.6288259029388428,hk,300,G6_history_plus_macro,9.0,
0.8807523335245345,0.8426583168925305,0.7458609271523179,3113,0.5178939700126648,1.6406887769699097,hk,300,G7_full,21.0,
0.008658581848489557,,,3113,,,hk,300,G7_vs_G1_delta,,0.004
0.8954172425162531,0.812801837087076,0.7516181229773463,4053,0.5209881067276001,1.6034754514694214,hk,400,G1_history_only,1.0,
0.7968307881068822,0.6179076201157162,0.39967637540453077,4053,0.11116808652877808,2.2369415760040283,hk,400,G2_coords_only,4.0,
0.7032968753051572,0.4913737671709131,0.21925566343042072,4053,0.021543025970458984,2.3812999725341797,hk,400,G3_population_only,1.0,
0.7494149597967955,0.5626910234405423,0.33414239482200647,4053,0.05715447664260864,2.2920608520507812,hk,400,G4_density_access_only,7.0,
0.7672112968764541,0.5876438341354417,0.3818770226537217,4053,0.033570826053619385,2.2891767024993896,hk,400,G5_streetview_only,8.0,
0.9073908930177734,0.8484860216946661,0.732200647249191,4053,0.5067949295043945,1.626800298690796,hk,400,G6_history_plus_macro,9.0,
0.9076690527805638,0.8467508445465792,0.720873786407767,4053,0.5117686986923218,1.6082574129104614,hk,400,G7_full,21.0,
0.012308091266948151,,,4053,,,hk,400,G7_vs_G1_delta,,0.0
0.8998966399142371,0.8125809986691658,0.7458646616541353,4949,0.6206182241439819,1.6090182065963745,hk,500,G1_history_only,1.0,
0.8336227761999637,0.6488500517365696,0.3037593984962406,4949,0.13206422328948975,2.355475425720215,hk,500,G2_coords_only,4.0,
0.7013196849543033,0.449835813425689,0.09849624060150376,4949,0.04461181163787842,2.466925621032715,hk,500,G3_population_only,1.0,
0.7688091463807349,0.5685029439799418,0.26015037593984963,4949,0.09216713905334473,2.4005770683288574,hk,500,G4_density_access_only,7.0,
0.7915711148553894,0.5981657628512098,0.3075187969924812,4949,0.10302895307540894,2.3363280296325684,hk,500,G5_streetview_only,8.0,
0.9174209009675335,0.849705297525001,0.7233082706766917,4949,0.5824904441833496,1.6805837154388428,hk,500,G6_history_plus_macro,9.0,
0.9203723248436095,0.8509255118739654,0.7150375939849624,4949,0.583084762096405,1.6689550876617432,hk,500,G7_full,21.0,
0.02058461732859138,,,4949,,,hk,500,G7_vs_G1_delta,,0.0
