AUC,PR_AUC,Recall,Brier,top1_hit,top5_hit,top10_hit,n_test,city,radius,algo,scheme
0.7675992192582954,0.9462679181937705,0.9406896551724138,0.11252511292695999,0.875,0.975609756097561,0.963855421686747,831,ny,100,xgb,random_80_20
0.7067736326893045,,,,,,,831,ny,100,xgb,spatial_block_k5
0.7599479505530253,0.943878238870074,0.9475862068965517,0.11655503249836531,0.875,0.926829268292683,0.963855421686747,831,ny,100,lgbm,random_80_20
0.7125672856957942,,,,,,,831,ny,100,lgbm,spatial_block_k5
0.7770331815224463,0.9511092342772957,0.9668965517241379,0.09829633727797193,0.875,0.975609756097561,0.9759036144578314,831,ny,100,rf,random_80_20
0.7191104023493544,,,,,,,831,ny,100,rf,spatial_block_k5
0.7176025566737226,0.92806673830612,0.9801055623223711,0.10893107950687408,0.9642857142857143,0.958041958041958,0.9512195121951219,2875,ny,200,xgb,random_80_20
0.6646460207177498,,,,,,,2875,ny,200,xgb,spatial_block_k5
0.7130113051807527,0.9259386957373463,0.9805115712545676,0.1091855290234518,1.0,0.9440559440559441,0.9407665505226481,2875,ny,200,lgbm,random_80_20
0.6628114641167527,,,,,,,2875,ny,200,lgbm,spatial_block_k5
0.716795466102196,0.9251869638287746,0.9866017052375152,0.10474471345578112,0.8571428571428571,0.958041958041958,0.9616724738675958,2875,ny,200,rf,random_80_20
0.6812431483252295,,,,,,,2875,ny,200,rf,spatial_block_k5
0.6994486152519847,0.899960880339055,0.9753774680603949,0.13468456268310547,0.9038461538461539,0.9467680608365019,0.9487666034155597,5275,ny,300,xgb,random_80_20
0.6700929299585772,,,,,,,5275,ny,300,xgb,spatial_block_k5
0.6992090233126191,0.9010089262617577,0.975609756097561,0.13439566238330383,0.9230769230769231,0.9505703422053232,0.9544592030360531,5275,ny,300,lgbm,random_80_20
0.657275469830027,,,,,,,5275,ny,300,lgbm,spatial_block_k5
0.7029076714920315,0.9028985244718405,0.9793263646922183,0.13271673710259532,0.9807692307692307,0.9505703422053232,0.9487666034155597,5275,ny,300,rf,random_80_20
0.6725381387846708,,,,,,,5275,ny,300,rf,spatial_block_k5
0.6720894843575381,0.7685834303783474,0.8711785789584651,0.21178579330444336,0.9066666666666666,0.901595744680851,0.8656914893617021,7524,ny,400,xgb,random_80_20
0.6237819401260131,,,,,,,7524,ny,400,xgb,spatial_block_k5
0.671213233256633,0.7661960390128608,0.8768711785789585,0.21207965922929897,0.92,0.8909574468085106,0.8497340425531915,7524,ny,400,lgbm,random_80_20
0.6241265753373575,,,,,,,7524,ny,400,lgbm,spatial_block_k5
0.673248291943395,0.7696953759957723,0.8969006957621758,0.21095693366222554,0.9066666666666666,0.8856382978723404,0.8603723404255319,7524,ny,400,rf,random_80_20
0.6284942683173593,,,,,,,7524,ny,400,rf,spatial_block_k5
0.6952389948776772,0.7071648848603663,0.594920634920635,0.21888716518878937,0.9361702127659575,0.9171974522292994,0.8632025450689289,9430,ny,500,xgb,random_80_20
0.6409751368527268,,,,,,,9430,ny,500,xgb,spatial_block_k5
0.6956746453452085,0.7066847744860932,0.5885714285714285,0.21875483598288914,0.9574468085106383,0.9129511677282378,0.8621420996818664,9430,ny,500,lgbm,random_80_20
0.6425385881269661,,,,,,,9430,ny,500,lgbm,spatial_block_k5
0.695886870322577,0.706192523640059,0.6012698412698413,0.2187749624329551,0.9042553191489362,0.921443736730361,0.8663838812301167,9430,ny,500,rf,random_80_20
0.6459732556315976,,,,,,,9430,ny,500,rf,spatial_block_k5
0.7273776410013612,0.8600212993009098,0.8147540983606557,0.21432459354400635,1.0,0.9772727272727273,0.9772727272727273,887,hk,100,xgb,random_80_20
0.7918931525166778,,,,,,,887,hk,100,xgb,spatial_block_k5
0.7287920932709948,0.8628807253854459,0.8098360655737705,0.21942759633874515,1.0,1.0,0.9886363636363636,887,hk,100,lgbm,random_80_20
0.7915119460789024,,,,,,,887,hk,100,lgbm,spatial_block_k5
0.732011599692253,0.8608053127056361,0.8278688524590164,0.19795508315452295,1.0,0.9772727272727273,0.9886363636363636,887,hk,100,rf,random_80_20
0.794275906576287,,,,,,,887,hk,100,rf,spatial_block_k5
0.7223605889724312,0.8172957342268814,0.8169642857142857,0.20326165854930878,1.0,0.9809523809523809,0.9523809523809523,2104,hk,200,xgb,random_80_20
0.7430358357022054,,,,,,,2104,hk,200,xgb,spatial_block_k5
0.724280427631579,0.8196020275052269,0.8065476190476191,0.20269931710748218,1.0,0.9904761904761905,0.9571428571428572,2104,hk,200,lgbm,random_80_20
0.73929900785256,,,,,,,2104,hk,200,lgbm,spatial_block_k5
0.7255193648182957,0.8204718699956685,0.8318452380952381,0.199836180432117,1.0,0.9809523809523809,0.9571428571428572,2104,hk,200,rf,random_80_20
0.7485604985431422,,,,,,,2104,hk,200,rf,spatial_block_k5
0.7581133573062111,0.7845644519213442,0.7656341320864991,0.19954678416252136,0.967741935483871,0.9290322580645162,0.909967845659164,3113,hk,300,xgb,random_80_20
0.715350162914251,,,,,,,3113,hk,300,xgb,spatial_block_k5
0.7584737425286245,0.7824692346304982,0.766218585622443,0.1995743716351817,0.967741935483871,0.9225806451612903,0.9003215434083601,3113,hk,300,lgbm,random_80_20
0.7144453941730455,,,,,,,3113,hk,300,lgbm,spatial_block_k5
0.7605162033698206,0.7850046879690302,0.7843366452367037,0.1975451777091178,0.967741935483871,0.9225806451612903,0.9035369774919614,3113,hk,300,rf,random_80_20
0.7228556975485063,,,,,,,3113,hk,300,rf,spatial_block_k5
0.7860959513794183,0.7300283948025446,0.6273611906124785,0.18603515625,0.975,0.8762376237623762,0.8246913580246914,4053,hk,400,xgb,random_80_20
0.7400513427652308,,,,,,,4053,hk,400,xgb,spatial_block_k5
0.7876814968641572,0.7306021359430948,0.6216370921579851,0.18549007982135568,0.975,0.8762376237623762,0.8246913580246914,4053,hk,400,lgbm,random_80_20
0.7389397079258451,,,,,,,4053,hk,400,lgbm,spatial_block_k5
0.7875707879348117,0.7310919006718942,0.636519748139668,0.18550337272856507,0.975,0.8762376237623762,0.8345679012345679,4053,hk,400,rf,random_80_20
0.7455324273939559,,,,,,,4053,hk,400,rf,spatial_block_k5
0.8003305034782804,0.7123605548031072,0.5295091009376723,0.17112264037132263,1.0,0.8906882591093117,0.8380566801619433,4949,hk,500,xgb,random_80_20
0.753132427584553,,,,,,,4949,hk,500,xgb,spatial_block_k5
0.8017707289755396,0.7132900232173247,0.531715388858246,0.1707144358522156,1.0,0.8987854251012146,0.8360323886639676,4949,hk,500,lgbm,random_80_20
0.7482592397216227,,,,,,,4949,hk,500,lgbm,spatial_block_k5
0.8021546835777885,0.7124451785448251,0.5300606729178158,0.170547656213948,1.0,0.8947368421052632,0.840080971659919,4949,hk,500,rf,random_80_20
0.7598420668684602,,,,,,,4949,hk,500,rf,spatial_block_k5
