model,MAE,RMSE,Poisson_deviance,city,radius,n_train,n_test
Poisson_GLM,35.33245290600784,271.75381527613604,52.52958520932913,ny,100,3324,831
NegBin_GLM,2.2334640085943234e+23,6.438422468242678e+24,4.466928017188647e+23,ny,100,3324,831
ZIP,33.5429849833284,281.6929858463544,44.98630601926246,ny,100,3324,831
ZINB,,,,ny,100,3324,831
SingleStage_XGB,22.6754053463144,171.7407429676816,30.584984517881225,ny,100,3324,831
Hurdle_XGB,22.677790078465076,173.57993788086054,29.348539246934894,ny,100,3324,831
Poisson_GLM,28.790847070100295,151.00163505094508,61.62868861574132,ny,200,6400,1600
NegBin_GLM,443047187.8506944,17720555847.511696,886094206.1605759,ny,200,6400,1600
ZIP,26.268577669492853,149.33207690009982,52.78291003817489,ny,200,6400,1600
ZINB,,,,ny,200,6400,1600
SingleStage_XGB,16.462103183018044,129.32549293683397,23.356394959725137,ny,200,6400,1600
Hurdle_XGB,16.35322029303061,130.38768673615996,23.40944238307368,ny,200,6400,1600
Poisson_GLM,23.49628396484726,92.2137826271731,39.96361117672713,ny,300,6400,1600
NegBin_GLM,20275945.417908892,807266475.3476942,40551772.82271064,ny,300,6400,1600
ZIP,20.956109049574778,88.51623463907217,31.78977305826504,ny,300,6400,1600
ZINB,2.7548574231622486e+196,inf,5.509714846324497e+196,ny,300,6400,1600
SingleStage_XGB,12.607121717594564,84.37458702199908,15.615026052951084,ny,300,6400,1600
Hurdle_XGB,12.8276085666148,80.34757224029032,14.793713329598315,ny,300,6400,1600
Poisson_GLM,30.585915554120852,203.00933231842563,74.20088431546628,ny,400,6400,1600
NegBin_GLM,4.0751754728703264e+23,1.6300701092080069e+25,8.150350945740653e+23,ny,400,6400,1600
ZIP,26.66133144106806,194.99093098247238,55.88019574330306,ny,400,6400,1600
ZINB,,,,ny,400,6400,1600
SingleStage_XGB,18.780672940425575,191.66485119471503,29.694043534833256,ny,400,6400,1600
Hurdle_XGB,17.704638716450717,178.65298617732498,25.50858913689754,ny,400,6400,1600
Poisson_GLM,14.891881141081521,108.90464798288173,27.117158315514217,ny,500,6400,1600
NegBin_GLM,1.2389503513264518e+24,4.95580140331801e+25,2.4779007026529036e+24,ny,500,6400,1600
ZIP,11.04045638239829,90.71169315644013,14.944406124390618,ny,500,6400,1600
ZINB,,,,ny,500,6400,1600
SingleStage_XGB,5.645505153783597,26.455133427730736,6.801453319347063,ny,500,6400,1600
Hurdle_XGB,5.751737850037171,27.94437800508111,7.077763881611262,ny,500,6400,1600
Poisson_GLM,1.9544622986641542,3.0187555140994826,3.3672298954722013,hk,100,3544,887
NegBin_GLM,1.9610904867021701,3.035311274830912,3.3916366100229403,hk,100,3544,887
ZIP,1.9493245886197794,3.0174829599676047,3.3550232464537935,hk,100,3544,887
ZINB,1.933824202699446,3.0187778938326155,3.3500130788286437,hk,100,3544,887
SingleStage_XGB,1.8261524692782554,2.953060600856174,3.110577956950798,hk,100,3544,887
Hurdle_XGB,1.8366677014549864,3.018675876370922,3.22636123462113,hk,100,3544,887
Poisson_GLM,1.7680881691422101,3.103968597442478,3.340397326932934,hk,200,6400,1600
NegBin_GLM,1.769353265287346,3.10389388769309,3.3336289493164886,hk,200,6400,1600
ZIP,1.771467133232153,3.098904233659676,3.3346055808005746,hk,200,6400,1600
ZINB,1.7585964332682424,3.0988708125997078,3.3216847312724496,hk,200,6400,1600
SingleStage_XGB,1.6558884419535753,3.032306783346786,3.086913862824913,hk,200,6400,1600
Hurdle_XGB,1.6475249237188836,3.018208737118873,3.1112124859185086,hk,200,6400,1600
Poisson_GLM,1.5687008254423305,2.8913476845997663,3.0867481274858632,hk,300,6400,1600
NegBin_GLM,1.5677752960554578,2.897188543698191,3.087533800354157,hk,300,6400,1600
ZIP,1.5739963965890615,2.8991732251573117,3.0986772614481843,hk,300,6400,1600
ZINB,1.531932079458915,2.867499708461505,2.9585361179690004,hk,300,6400,1600
SingleStage_XGB,1.480043505805079,2.8440675027790103,2.69248436326777,hk,300,6400,1600
Hurdle_XGB,1.4779624278319534,2.8868187763179542,2.7252852393778024,hk,300,6400,1600
Poisson_GLM,1.3269534938724845,2.3475015199527403,2.594229467497373,hk,400,6400,1600
NegBin_GLM,1.3320843870984107,2.352842713467456,2.603351314015131,hk,400,6400,1600
ZIP,1.3318253341434967,2.353207970921388,2.6011204691453984,hk,400,6400,1600
ZINB,1.3270296339306265,2.3606176383667252,2.5764143152487873,hk,400,6400,1600
SingleStage_XGB,1.1966754681780003,2.2477741749330042,2.276656087397996,hk,400,6400,1600
Hurdle_XGB,1.1711876025851233,2.2508218149426122,2.266500492845218,hk,400,6400,1600
Poisson_GLM,1.1812050821859077,2.349572750114676,2.5872954960237844,hk,500,6400,1600
NegBin_GLM,1.1842944388818237,2.3537937111975586,2.5940506914118853,hk,500,6400,1600
ZIP,1.1854466061848772,2.359772291220662,2.5975280702985084,hk,500,6400,1600
ZINB,1.1831092683222186,2.3669636210942797,2.589416566234043,hk,500,6400,1600
SingleStage_XGB,1.092160130746197,2.2860671755467945,2.2593421212485456,hk,500,6400,1600
Hurdle_XGB,1.0820521943020867,2.2856664929116044,2.270869308762382,hk,500,6400,1600
