city,radius,zero_ratio,morans_I_resid,morans_p,top1_hit,top5_hit,top10_hit,AUC_count_model,AUC_rate_model,shap_spearman_mean,shap_folds
ny,100,0.13237063778580024,0.014177407573950489,0.10101010101010101,0.875,0.975609756097561,0.963855421686747,0.7675992192582954,0.7675992192582954,0.8055367107998688,5
ny,200,0.1390705440378461,0.014978121262848828,0.030303030303030304,0.9642857142857143,0.958041958041958,0.9512195121951219,0.7176025566737226,0.7176025566737226,0.7767589451799978,5
ny,300,0.17827488151658769,0.017672443726319646,0.020202020202020204,0.9038461538461539,0.9467680608365019,0.9487666034155597,0.6994486152519847,0.6994486152519847,0.8512280701754384,5
ny,400,0.3715341467953319,0.036379645157404994,0.0,0.9066666666666666,0.901595744680851,0.8656914893617021,0.6720894843575381,0.6720894843575381,0.668344457818142,5
ny,500,0.4985683076335716,0.053176021890903064,0.0,0.9361702127659575,0.9171974522292994,0.8632025450689289,0.6952389948776772,0.6952389948776772,0.5800634642739906,5
hk,100,0.311893477770255,0.031078341344674007,0.06060606060606061,1.0,0.9772727272727273,0.9772727272727273,0.7273776410013612,0.7273776410013612,0.9199604743083004,5
hk,200,0.3714340053252187,-0.0035296089953801312,0.6464646464646465,1.0,0.9809523809523809,0.9523809523809523,0.7223605889724312,0.7223605889724312,0.9463438735177867,5
hk,300,0.45778720123361605,0.056562208432680235,0.0,0.967741935483871,0.9290322580645162,0.909967845659164,0.7581133573062111,0.7581133573062111,0.9019607843137256,5
hk,400,0.56773429403346,0.05401562785293595,0.0,0.975,0.8762376237623762,0.8246913580246914,0.7860959513794183,0.7860959513794183,0.9180830039525691,5
hk,500,0.6460008891403629,0.0835896750716163,0.0,1.0,0.8906882591093117,0.8380566801619433,0.8003305034782804,0.8003305034782804,0.8355731225296443,5
