city,radius,count_R2,count_MAE,rate_R2,rate_MAE
ny,100,0.5007555484771729,55.050445556640625,0.5338328198485758,11.474857044989813
ny,200,0.5423455238342285,38.97126770019531,0.5352435951943684,8.024302032002913
ny,300,0.7518149614334106,31.611827850341797,0.7576651381627527,6.41222423774447
ny,400,0.7367388010025024,34.0158576965332,0.7175752152262276,6.928176832734078
ny,500,0.8182103633880615,27.45340919494629,0.8138722560504481,5.536045416938061
hk,100,0.9164144396781921,1.6427258253097534,0.8629591112769379,0.7661634798700538
hk,200,0.8912658095359802,1.613598108291626,0.8929854626980634,0.5740592708443435
hk,300,0.9005257487297058,1.5469549894332886,0.9135056273260174,0.4667662404259794
hk,400,0.9290561676025391,1.4955962896347046,0.9108170041386765,0.45062796172932507
hk,500,0.9196990728378296,1.5477651357650757,0.9363481728056808,0.4277247754007614
