variable,VIF
count_2016_r200,9.118902735467405
count_2017_r200,8.672123841789022
count_2015_r200,8.396493346668999
count_2018_r200,7.983142628843413
count_2014_r200,7.8931951692355
count_2019_r200,7.754659701416356
svi_count_r200,2.8551641911388614
ratio_Enclosure_degree_r200,2.756615682594404
crossing_density_r200,2.5115222568147986
busStation_density_r200,1.906603942035782
ratio_Traffic_flow_r200,1.8315492792427448
ratio_Street_furniture_r200,1.795657529866811
traffic_signals_density_r200,1.5868207164352701
ratio_Greening_degree_r200,1.5464848505709732
ratio_Protection_r200,1.5004640582898237
road_r200,1.3905941636822694
ratio_Openness_r200,1.319919403102578
speed_camera_density_r200,1.2726594028590856
ratio_Surveillance_and_lighting_r200,1.2325548588726694
shop_density_r200,1.2162125206501504
person_r200,1.0797810851997207
ratio_Pedestrian_density_r200,1.0788017921867885
street_lamp_density_r200,1.0766030709449192
