city,radius,cells,zero_ratio,random_AUC,spatial_AUC,temporal_AUC
hk,100,4431,0.311893477770255,0.7273776410013612,0.7918931525166778,0.7748430178069354
hk,200,10516,0.3714340053252187,0.7223605889724312,0.7430358357022054,0.7738751837494433
hk,300,15564,0.457787201233616,0.7590344344015522,0.715350162914251,0.7854689899510908
hk,400,20263,0.56773429403346,0.7860959513794183,0.7400513427652308,0.800861083277242
hk,500,24743,0.6460008891403629,0.8003305034782804,0.753132427584553,0.8197040347547719
ny,100,4155,0.1323706377858002,0.7675992192582954,0.7067736326893045,0.8383401815205773
ny,200,14374,0.1390705440378461,0.7176025566737226,0.6646460207177498,0.7815725057041644
ny,300,26375,0.1782748815165876,0.7005217700188785,0.6700929299585772,0.7695568319206074
ny,400,37617,0.3715341467953319,0.6720894843575381,0.6237819401260131,0.7400689779148762
ny,500,47147,0.4985683076335716,0.6952389948776772,0.6409751368527268,0.7550844297686249
