n,n_pos,zero_ratio,AUC,Recall,PR_AUC,Brier,top5_hit,R2,MAE,algo,scheme,fold
5275,4305,0.18388625592417063,0.6994486152519847,0.9753774680603949,0.899960880339055,0.13468456268310547,0.9467680608365019,0.007639050483703613,178.0871124267578,xgb,random_80_20,
5275,4305,0.18388625592417063,0.6992090233126191,0.975609756097561,0.9010089262617577,0.13439566238330383,0.9505703422053232,-0.008197046049694512,178.90347877003066,lgbm,random_80_20,
5275,4305,0.18388625592417063,0.7029076714920315,0.9793263646922183,0.9028985244718405,0.13271673710259532,0.9505703422053232,-0.015608450618559866,182.5617601459021,rf,random_80_20,
6623,5552,0.1617091952287483,0.6472491974695737,0.9990994236311239,0.8968929256448757,0.1288091540336609,0.9425981873111783,-0.011476755142211914,162.62030029296875,xgb,spatial_block_k5,0.0
6088,4941,0.18840341655716164,0.6596870094137854,0.9702489374620522,0.8813063685783584,0.1466330736875534,0.9276315789473685,0.004991412162780762,94.0699234008789,xgb,spatial_block_k5,1.0
5942,4794,0.19320094244362168,0.6554763576421745,0.9662077596996246,0.8754823093621789,0.1478390395641327,0.9259259259259259,-0.002551436424255371,250.05686950683594,xgb,spatial_block_k5,2.0
1947,1362,0.300462249614792,0.707045948015111,0.9691629955947136,0.8100664661416084,0.17678800225257874,0.8041237113402062,0.0007864236831665039,67.3001708984375,xgb,spatial_block_k5,3.0
5775,5024,0.13004329004329004,0.6810061372522411,1.0,0.9234714240345063,0.10184212774038315,0.9513888888888888,-0.005859375,289.3293151855469,xgb,spatial_block_k5,4.0
26375,19558,0.2584644549763033,0.7695568319206074,0.9771960323141425,0.8997943055604651,0.1604672372341156,0.9757207890743551,-0.4437882900238037,144.39491271972656,xgb,temporal_<=2018,
