recall,precision
1.0,0.8086642599277978
1.0,0.8106151990349819
0.9985119047619048,0.81136638452237
0.9985119047619048,0.8123486682808717
0.9985119047619048,0.8133333333333334
0.9985119047619048,0.8143203883495146
0.9985119047619048,0.8153098420413123
0.9985119047619048,0.816301703163017
0.9985119047619048,0.8172959805115713
0.9985119047619048,0.8182926829268292
0.9970238095238095,0.818070818070818
0.9970238095238095,0.8190709046454768
0.9970238095238095,0.8200734394124847
0.9970238095238095,0.821078431372549
0.9970238095238095,0.8220858895705522
0.9970238095238095,0.8230958230958231
0.9970238095238095,0.8241082410824109
0.9970238095238095,0.8251231527093597
0.9970238095238095,0.8271604938271605
0.9970238095238095,0.8281829419035847
0.9970238095238095,0.8292079207920792
0.9955357142857143,0.828996282527881
0.9955357142857143,0.8300248138957816
0.9955357142857143,0.831055900621118
0.9955357142857143,0.832089552238806
0.9955357142857143,0.8341645885286783
0.9955357142857143,0.8352059925093633
0.9940476190476191,0.835
0.9940476190476191,0.8360450563204005
0.9940476190476191,0.8370927318295739
0.9940476190476191,0.8381430363864492
0.9940476190476191,0.8391959798994975
0.9940476190476191,0.8402515723270441
0.9940476190476191,0.8413098236775819
0.9940476190476191,0.8423707440100883
0.9940476190476191,0.8434343434343434
0.9940476190476191,0.8445006321112516
0.9940476190476191,0.8455696202531645
0.9940476190476191,0.8466413181242078
0.9940476190476191,0.8477157360406091
0.9940476190476191,0.8487928843710292
0.9940476190476191,0.8498727735368957
0.9940476190476191,0.8509554140127389
0.9925595238095238,0.8507653061224489
0.9925595238095238,0.8518518518518519
0.9925595238095238,0.8529411764705882
0.9925595238095238,0.8540332906530089
0.9925595238095238,0.8551282051282051
0.9925595238095238,0.8562259306803595
0.9925595238095238,0.8573264781491002
0.9925595238095238,0.8584298584298584
0.9925595238095238,0.8595360824742269
0.9925595238095238,0.8606451612903225
0.9925595238095238,0.8617571059431525
0.9925595238095238,0.8628719275549805
0.9925595238095238,0.8639896373056994
0.9925595238095238,0.8651102464332037
0.9925595238095238,0.8662337662337662
0.9925595238095238,0.8673602080624188
0.9925595238095238,0.8684895833333334
0.9910714285714286,0.8683181225554107
0.9910714285714286,0.8694516971279374
0.9910714285714286,0.8717277486910995
0.9910714285714286,0.872870249017038
0.9895833333333334,0.8727034120734908
0.9895833333333334,0.873850197109067
0.9895833333333334,0.875
0.9895833333333334,0.8761528326745718
0.9880952380952381,0.8759894459102903
0.9880952380952381,0.8783068783068783
0.9880952380952381,0.8794701986754967
0.9866071428571429,0.8793103448275862
0.9851190476190477,0.8791500664010624
0.9851190476190477,0.8803191489361702
0.9851190476190477,0.881491344873502
0.9851190476190477,0.8826666666666667
0.9851190476190477,0.8838451268357811
0.9851190476190477,0.8850267379679144
0.9851190476190477,0.8862115127175368
0.9851190476190477,0.8873994638069705
0.9836309523809523,0.887248322147651
0.9836309523809523,0.8884408602150538
0.9836309523809523,0.8908355795148248
0.9836309523809523,0.8920377867746289
0.9836309523809523,0.8932432432432432
0.9836309523809523,0.8944519621109608
0.9836309523809523,0.8956639566395664
0.9836309523809523,0.8968792401628223
0.9836309523809523,0.8980978260869565
0.9836309523809523,0.8993197278911564
0.9836309523809523,0.9005449591280654
0.9836309523809523,0.9017735334242838
0.9836309523809523,0.9030054644808743
0.9821428571428571,0.9028727770177839
0.9821428571428571,0.9041095890410958
0.9821428571428571,0.9053497942386831
0.9821428571428571,0.9065934065934066
0.9821428571428571,0.9078404401650619
0.9821428571428571,0.9090909090909091
0.9806547619047619,0.9089655172413793
0.9806547619047619,0.9102209944751382
0.9791666666666666,0.9100968188105117
0.9776785714285714,0.909972299168975
0.9776785714285714,0.9112343966712899
0.9776785714285714,0.9125
0.9776785714285714,0.913769123783032
0.9776785714285714,0.915041782729805
0.9761904761904762,0.9149232914923291
0.9761904761904762,0.9162011173184358
0.9747023809523809,0.916083916083916
0.9747023809523809,0.9173669467787114
0.9747023809523809,0.9186535764375876
0.9747023809523809,0.9199438202247191
0.9732142857142857,0.919831223628692
0.9732142857142857,0.9211267605633803
0.9732142857142857,0.922425952045134
0.9732142857142857,0.923728813559322
0.9732142857142857,0.925035360678925
0.9732142857142857,0.9263456090651558
0.9717261904761905,0.926241134751773
0.9717261904761905,0.9275568181818182
0.9717261904761905,0.9288762446657184
0.9702380952380952,0.9287749287749287
0.96875,0.9286733238231099
0.9672619047619048,0.9285714285714286
0.9657738095238095,0.9284692417739628
0.9642857142857143,0.9283667621776505
0.9627976190476191,0.9282639885222381
0.9613095238095238,0.9281609195402298
0.9598214285714286,0.9280575539568345
0.9598214285714286,0.9293948126801153
0.9583333333333334,0.9292929292929293
0.9583333333333334,0.930635838150289
0.9568452380952381,0.9305354558610709
0.9553571428571429,0.9304347826086956
0.9553571428571429,0.9317851959361393
0.9538690476190477,0.9316860465116279
0.9538690476190477,0.9330422125181951
0.9538690476190477,0.934402332361516
0.9523809523809523,0.9343065693430657
0.9508928571428571,0.9342105263157895
0.9508928571428571,0.9355783308931186
0.9494047619047619,0.9354838709677419
0.9494047619047619,0.9368575624082232
0.9479166666666666,0.9367647058823529
0.9464285714285714,0.9366715758468336
0.9449404761904762,0.9365781710914455
0.9449404761904762,0.9379615952732644
0.9434523809523809,0.9378698224852071
0.9419642857142857,0.9377777777777778
0.9404761904761905,0.9376854599406528
0.9389880952380952,0.937592867756315
0.9389880952380952,0.9389880952380952
0.9375,0.9388971684053651
0.9375,0.9402985074626866
0.9360119047619048,0.9402092675635276
0.9345238095238095,0.9401197604790419
0.9330357142857143,0.9400299850074962
0.9330357142857143,0.9414414414414415
0.9330357142857143,0.9428571428571428
0.9315476190476191,0.9427710843373494
0.9315476190476191,0.9441930618401206
0.9315476190476191,0.945619335347432
0.9300595238095238,0.9455370650529501
0.9285714285714286,0.9454545454545454
0.9270833333333334,0.9453717754172989
0.9270833333333334,0.9468085106382979
0.9255952380952381,0.9467275494672754
0.9241071428571429,0.9466463414634146
0.9241071428571429,0.9480916030534351
0.9226190476190477,0.9480122324159022
0.9226190476190477,0.9494640122511485
0.9226190476190477,0.950920245398773
0.9211309523809523,0.9508448540706606
0.9211309523809523,0.9523076923076923
0.9196428571428571,0.9522342064714946
0.9181547619047619,0.9521604938271605
0.9166666666666666,0.9520865533230294
0.9166666666666666,0.9535603715170279
0.9151785714285714,0.9534883720930233
0.9136904761904762,0.953416149068323
0.9136904761904762,0.9548989113530326
0.9122023809523809,0.9548286604361371
0.9107142857142857,0.9547581903276131
0.9107142857142857,0.95625
0.9092261904761905,0.9561815336463224
0.9077380952380952,0.9561128526645768
0.90625,0.9560439560439561
0.90625,0.9575471698113207
0.90625,0.9590551181102362
0.9047619047619048,0.9589905362776026
0.9047619047619048,0.9605055292259084
0.9032738095238095,0.9604430379746836
0.9017857142857143,0.9603803486529319
0.9002976190476191,0.9603174603174603
0.8988095238095238,0.9602543720190779
0.8973214285714286,0.9601910828025477
0.8958333333333334,0.960127591706539
0.8943452380952381,0.9600638977635783
0.8943452380952381,0.9616
0.8943452380952381,0.9631410256410257
0.8943452380952381,0.9646869983948636
0.8928571428571429,0.9646302250803859
0.8913690476190477,0.964573268921095
0.8898809523809523,0.964516129032258
0.8883928571428571,0.9644588045234249
0.8869047619047619,0.9644012944983819
0.8854166666666666,0.9643435980551054
0.8854166666666666,0.9659090909090909
0.8839285714285714,0.9658536585365853
0.8839285714285714,0.9674267100977199
0.8839285714285714,0.9690048939641109
0.8824404761904762,0.9689542483660131
0.8809523809523809,0.9689034369885434
0.8809523809523809,0.9704918032786886
0.8809523809523809,0.9720853858784894
0.8794642857142857,0.9720394736842105
0.8779761904761905,0.9719934102141681
0.8764880952380952,0.971947194719472
0.875,0.971900826446281
0.8735119047619048,0.9718543046357616
0.8720238095238095,0.9718076285240465
0.8705357142857143,0.9717607973421927
0.8690476190476191,0.9717138103161398
0.8675595238095238,0.9716666666666667
0.8660714285714286,0.9716193656093489
0.8645833333333334,0.9715719063545151
0.8630952380952381,0.9715242881072027
0.8616071428571429,0.9714765100671141
0.8601190476190477,0.9714285714285714
0.8586309523809523,0.9713804713804713
0.8571428571428571,0.9713322091062394
0.8556547619047619,0.9712837837837838
0.8556547619047619,0.9729272419627749
0.8556547619047619,0.9745762711864406
0.8556547619047619,0.9762308998302207
0.8541666666666666,0.9761904761904762
0.8526785714285714,0.9761499148211243
0.8511904761904762,0.9761092150170648
0.8511904761904762,0.9777777777777777
0.8497023809523809,0.9777397260273972
0.8497023809523809,0.9794168096054888
0.8482142857142857,0.979381443298969
0.8467261904761905,0.9793459552495697
0.8452380952380952,0.9793103448275862
0.84375,0.9792746113989638
0.8422619047619048,0.9792387543252595
0.8407738095238095,0.9792027729636048
0.8377976190476191,0.9791304347826087
0.8363095238095238,0.9790940766550522
0.8348214285714286,0.9790575916230366
0.8333333333333334,0.9790209790209791
0.8318452380952381,0.978984238178634
0.8303571428571429,0.9789473684210527
0.8288690476190477,0.9789103690685413
0.8273809523809523,0.9788732394366197
0.8258928571428571,0.9788359788359788
0.8244047619047619,0.9787985865724381
0.8229166666666666,0.9787610619469026
0.8214285714285714,0.9787234042553191
0.8199404761904762,0.9786856127886323
0.8184523809523809,0.9786476868327402
0.8169642857142857,0.9786096256684492
0.8154761904761905,0.9785714285714285
0.8139880952380952,0.9785330948121646
0.8125,0.978494623655914
0.8110119047619048,0.9784560143626571
0.8095238095238095,0.9784172661870504
0.8080357142857143,0.9783783783783784
0.8065476190476191,0.9783393501805054
0.8050595238095238,0.9783001808318263
0.8035714285714286,0.9782608695652174
0.8020833333333334,0.9782214156079855
0.8005952380952381,0.9781818181818182
0.7991071428571429,0.9781420765027322
0.7976190476190477,0.9781021897810219
0.7961309523809523,0.9780621572212066
0.7946428571428571,0.978021978021978
0.7931547619047619,0.9779816513761468
0.7931547619047619,0.9797794117647058
0.7931547619047619,0.9815837937384899
0.7931547619047619,0.9833948339483395
0.7916666666666666,0.9833641404805915
0.7901785714285714,0.9833333333333333
0.7886904761904762,0.9833024118738405
0.7872023809523809,0.983271375464684
0.7872023809523809,0.9851024208566108
0.7872023809523809,0.9869402985074627
0.7857142857142857,0.9869158878504672
0.7842261904761905,0.9868913857677902
0.7827380952380952,0.9868667917448405
0.78125,0.9868421052631579
0.7797619047619048,0.9868173258003766
0.7782738095238095,0.9867924528301887
0.7767857142857143,0.9867674858223062
0.7752976190476191,0.9867424242424242
0.7738095238095238,0.9867172675521821
0.7723214285714286,0.9866920152091255
0.7708333333333334,0.9866666666666667
0.7693452380952381,0.9866412213740458
0.7678571428571429,0.9866156787762906
0.7678571428571429,0.9885057471264368
0.7663690476190477,0.9884836852207294
0.7648809523809523,0.9884615384615385
0.7633928571428571,0.9884393063583815
0.7619047619047619,0.9884169884169884
0.7619047619047619,0.9903288201160542
0.7619047619047619,0.9922480620155039
0.7604166666666666,0.9922330097087378
0.7589285714285714,0.9922178988326849
0.7574404761904762,0.9922027290448343
0.7559523809523809,0.9921875
0.7544642857142857,0.9921722113502935
0.7529761904761905,0.9921568627450981
0.7514880952380952,0.9921414538310412
0.75,0.9921259842519685
0.7485119047619048,0.9921104536489151
0.7470238095238095,0.9920948616600791
0.7455357142857143,0.9920792079207921
0.7440476190476191,0.9920634920634921
0.7425595238095238,0.9920477137176938
0.7410714285714286,0.9920318725099602
0.7395833333333334,0.9920159680638723
0.7380952380952381,0.992
0.7366071428571429,0.9919839679358717
0.7336309523809523,0.9919517102615694
0.7321428571428571,0.9919354838709677
0.7306547619047619,0.9919191919191919
0.7291666666666666,0.9919028340080972
0.7276785714285714,0.9918864097363083
0.7261904761904762,0.991869918699187
0.7247023809523809,0.9918533604887984
0.7232142857142857,0.9918367346938776
0.7217261904761905,0.9918200408997955
0.7202380952380952,0.9918032786885246
0.71875,0.9917864476386037
0.7172619047619048,0.9917695473251029
0.7172619047619048,0.9938144329896907
0.7157738095238095,0.993801652892562
0.7142857142857143,0.9937888198757764
0.7127976190476191,0.9937759336099585
0.7113095238095238,0.9937629937629938
0.7098214285714286,0.99375
0.7083333333333334,0.9937369519832986
0.7068452380952381,0.9937238493723849
0.7053571428571429,0.9937106918238994
0.7038690476190477,0.9936974789915967
0.7038690476190477,0.9957894736842106
0.7023809523809523,0.9957805907172996
0.7008928571428571,0.9957716701902748
0.6994047619047619,0.9957627118644068
0.6979166666666666,0.9957537154989384
0.6964285714285714,0.9957446808510638
0.6949404761904762,0.9957356076759062
0.6934523809523809,0.9957264957264957
0.6919642857142857,0.9957173447537473
0.6904761904761905,0.9957081545064378
0.6889880952380952,0.9956989247311828
0.6875,0.9956896551724138
0.6860119047619048,0.9956803455723542
0.6845238095238095,0.9956709956709957
0.6830357142857143,0.9956616052060737
0.6815476190476191,0.9956521739130435
0.6800595238095238,0.9956427015250545
0.6785714285714286,0.9956331877729258
0.6770833333333334,0.9956236323851203
0.6755952380952381,0.9956140350877193
0.6741071428571429,0.9956043956043956
0.6726190476190477,0.9955947136563876
0.6711309523809523,0.9955849889624724
0.6696428571428571,0.995575221238938
0.6681547619047619,0.9955654101995566
0.6666666666666666,0.9955555555555555
0.6651785714285714,0.9955456570155902
0.6636904761904762,0.9955357142857143
0.6622023809523809,0.9955257270693513
0.6607142857142857,0.9955156950672646
0.6592261904761905,0.9955056179775281
0.6577380952380952,0.9954954954954955
0.65625,0.9954853273137697
0.6547619047619048,0.995475113122172
0.6532738095238095,0.9954648526077098
0.6517857142857143,0.9954545454545455
0.6502976190476191,0.9954441913439636
0.6488095238095238,0.9954337899543378
0.6473214285714286,0.9954233409610984
0.6458333333333334,0.9954128440366973
0.6443452380952381,0.9954022988505747
0.6428571428571429,0.9953917050691244
0.6413690476190477,0.9953810623556582
0.6398809523809523,0.9953703703703703
0.6383928571428571,0.9953596287703016
0.6369047619047619,0.9953488372093023
0.6354166666666666,0.9953379953379954
0.6339285714285714,0.9953271028037384
0.6324404761904762,0.9953161592505855
0.6309523809523809,0.9953051643192489
0.6309523809523809,0.9976470588235294
0.6294642857142857,0.9976415094339622
0.6279761904761905,0.9976359338061466
0.6264880952380952,0.9976303317535545
0.625,0.997624703087886
0.6235119047619048,0.9976190476190476
0.6220238095238095,0.9976133651551312
0.6205357142857143,0.9976076555023924
0.6190476190476191,0.9976019184652278
0.6175595238095238,0.9975961538461539
0.6160714285714286,0.9975903614457832
0.6145833333333334,0.9975845410628019
0.6130952380952381,0.9975786924939467
0.6116071428571429,0.9975728155339806
0.6101190476190477,0.9975669099756691
0.6086309523809523,0.9975609756097561
0.6071428571428571,0.9975550122249389
0.6056547619047619,0.9975490196078431
0.6041666666666666,0.9975429975429976
0.6026785714285714,0.9975369458128078
0.6011904761904762,0.9975308641975309
0.5997023809523809,0.9975247524752475
0.5982142857142857,0.9975186104218362
0.5967261904761905,0.9975124378109452
0.5952380952380952,0.9975062344139651
0.59375,0.9975
0.5922619047619048,0.9974937343358395
0.5907738095238095,0.9974874371859297
0.5892857142857143,0.9974811083123426
0.5877976190476191,0.9974747474747475
0.5863095238095238,0.9974683544303797
0.5848214285714286,0.9974619289340102
0.5833333333333334,0.9974554707379135
0.5818452380952381,0.9974489795918368
0.5803571428571429,0.9974424552429667
0.5788690476190477,0.9974358974358974
0.5773809523809523,0.9974293059125964
0.5758928571428571,0.9974226804123711
0.5744047619047619,0.9974160206718347
0.5729166666666666,0.9974093264248705
0.5714285714285714,0.9974025974025974
0.5699404761904762,0.9973958333333334
0.5684523809523809,0.9973890339425587
0.5669642857142857,0.9973821989528796
0.5654761904761905,0.9973753280839895
0.5639880952380952,0.9973684210526316
0.5625,0.9973614775725593
0.5610119047619048,0.9973544973544973
0.5595238095238095,0.9973474801061007
0.5580357142857143,0.9973404255319149
0.5565476190476191,0.9973333333333333
0.5550595238095238,0.9973262032085561
0.5535714285714286,0.9973190348525469
0.5520833333333334,0.9973118279569892
0.5505952380952381,0.9973045822102425
0.5491071428571429,0.9972972972972973
0.5476190476190477,0.997289972899729
0.5461309523809523,0.9972826086956522
0.5446428571428571,0.997275204359673
0.5431547619047619,0.9972677595628415
0.5416666666666666,0.9972602739726028
0.5401785714285714,0.9972527472527473
0.5386904761904762,0.9972451790633609
0.5372023809523809,0.9972375690607734
0.5357142857142857,0.997229916897507
0.5342261904761905,0.9972222222222222
0.5327380952380952,0.9972144846796658
0.53125,0.9972067039106145
0.5297619047619048,0.9971988795518207
0.5282738095238095,0.9971910112359551
0.5267857142857143,0.9971830985915493
0.5252976190476191,0.9971751412429378
0.5238095238095238,0.9971671388101983
0.5223214285714286,0.9971590909090909
0.5208333333333334,0.9971509971509972
0.5193452380952381,0.9971428571428571
0.5178571428571429,0.997134670487106
0.5163690476190477,0.9971264367816092
0.5148809523809523,0.9971181556195965
0.5133928571428571,0.9971098265895953
0.5119047619047619,0.9971014492753624
0.5104166666666666,0.997093023255814
0.5089285714285714,0.9970845481049563
0.5074404761904762,0.9970760233918129
0.5059523809523809,0.9970674486803519
0.5044642857142857,0.9970588235294118
0.5029761904761905,0.9970501474926253
0.5014880952380952,0.9970414201183432
0.5,0.9970326409495549
0.49851190476190477,0.9970238095238095
0.49702380952380953,0.9970149253731343
0.4955357142857143,0.9970059880239521
0.49404761904761907,0.996996996996997
0.49255952380952384,0.9969879518072289
0.49107142857142855,0.9969788519637462
0.4895833333333333,0.996969696969697
0.4880952380952381,0.9969604863221885
0.48660714285714285,0.9969512195121951
0.4851190476190476,0.9969418960244648
0.4836309523809524,0.9969325153374233
0.48214285714285715,0.9969230769230769
0.4806547619047619,0.9969135802469136
0.4791666666666667,0.9969040247678018
0.47767857142857145,0.9968944099378882
0.47619047619047616,0.9968847352024922
0.47619047619047616,1.0
0.47470238095238093,1.0
0.4732142857142857,1.0
0.47172619047619047,1.0
0.47023809523809523,1.0
0.46875,1.0
0.46726190476190477,1.0
0.46577380952380953,1.0
0.4642857142857143,1.0
0.46279761904761907,1.0
0.46130952380952384,1.0
0.45982142857142855,1.0
0.4583333333333333,1.0
0.4568452380952381,1.0
0.45535714285714285,1.0
0.4538690476190476,1.0
0.4523809523809524,1.0
0.4494047619047619,1.0
0.4479166666666667,1.0
0.44642857142857145,1.0
0.44494047619047616,1.0
0.4419642857142857,1.0
0.44047619047619047,1.0
0.43898809523809523,1.0
0.4375,1.0
0.43601190476190477,1.0
0.43452380952380953,1.0
0.4330357142857143,1.0
0.43154761904761907,1.0
0.43005952380952384,1.0
0.42857142857142855,1.0
0.4270833333333333,1.0
0.4255952380952381,1.0
0.42410714285714285,1.0
0.4226190476190476,1.0
0.4211309523809524,1.0
0.41964285714285715,1.0
0.4181547619047619,1.0
0.4166666666666667,1.0
0.41369047619047616,1.0
0.41220238095238093,1.0
0.4107142857142857,1.0
0.40922619047619047,1.0
0.40773809523809523,1.0
0.40625,1.0
0.40476190476190477,1.0
0.40327380952380953,1.0
0.4017857142857143,1.0
0.40029761904761907,1.0
0.39880952380952384,1.0
0.39732142857142855,1.0
0.3958333333333333,1.0
0.3943452380952381,1.0
0.39285714285714285,1.0
0.3913690476190476,1.0
0.3898809523809524,1.0
0.38839285714285715,1.0
0.3869047619047619,1.0
0.3854166666666667,1.0
0.38392857142857145,1.0
0.38244047619047616,1.0
0.38095238095238093,1.0
0.3794642857142857,1.0
0.37797619047619047,1.0
0.37648809523809523,1.0
0.375,1.0
0.37351190476190477,1.0
0.37202380952380953,1.0
0.3705357142857143,1.0
0.36904761904761907,1.0
0.36755952380952384,1.0
0.36607142857142855,1.0
0.3645833333333333,1.0
0.3630952380952381,1.0
0.36160714285714285,1.0
0.3601190476190476,1.0
0.3586309523809524,1.0
0.35714285714285715,1.0
0.3556547619047619,1.0
0.3541666666666667,1.0
0.35267857142857145,1.0
0.35119047619047616,1.0
0.34970238095238093,1.0
0.3482142857142857,1.0
0.34672619047619047,1.0
0.34523809523809523,1.0
0.34375,1.0
0.34226190476190477,1.0
0.34077380952380953,1.0
0.3392857142857143,1.0
0.33779761904761907,1.0
0.33630952380952384,1.0
0.33482142857142855,1.0
0.3333333333333333,1.0
0.3318452380952381,1.0
0.33035714285714285,1.0
0.3288690476190476,1.0
0.3273809523809524,1.0
0.32589285714285715,1.0
0.3244047619047619,1.0
0.3229166666666667,1.0
0.32142857142857145,1.0
0.31994047619047616,1.0
0.31845238095238093,1.0
0.3169642857142857,1.0
0.31547619047619047,1.0
0.31398809523809523,1.0
0.31101190476190477,1.0
0.30952380952380953,1.0
0.3080357142857143,1.0
0.30654761904761907,1.0
0.30505952380952384,1.0
0.30357142857142855,1.0
0.3020833333333333,1.0
0.3005952380952381,1.0
0.29910714285714285,1.0
0.2976190476190476,1.0
0.2961309523809524,1.0
0.29464285714285715,1.0
0.2916666666666667,1.0
0.29017857142857145,1.0
0.28869047619047616,1.0
0.28720238095238093,1.0
0.2857142857142857,1.0
0.28422619047619047,1.0
0.28273809523809523,1.0
0.27976190476190477,1.0
0.27827380952380953,1.0
0.2767857142857143,1.0
0.27529761904761907,1.0
0.27380952380952384,1.0
0.27232142857142855,1.0
0.2708333333333333,1.0
0.26785714285714285,1.0
0.2663690476190476,1.0
0.2648809523809524,1.0
0.26339285714285715,1.0
0.2619047619047619,1.0
0.2604166666666667,1.0
0.25892857142857145,1.0
0.25744047619047616,1.0
0.2544642857142857,1.0
0.25297619047619047,1.0
0.25148809523809523,1.0
0.24851190476190477,1.0
0.24702380952380953,1.0
0.24553571428571427,1.0
0.24404761904761904,1.0
0.23958333333333334,1.0
0.23809523809523808,1.0
0.23660714285714285,1.0
0.23511904761904762,1.0
0.23363095238095238,1.0
0.23214285714285715,1.0
0.2261904761904762,1.0
0.22321428571428573,1.0
0.22172619047619047,1.0
0.22023809523809523,1.0
0.21726190476190477,1.0
0.21577380952380953,1.0
0.21428571428571427,1.0
0.21279761904761904,1.0
0.20982142857142858,1.0
0.20833333333333334,1.0
0.20684523809523808,1.0
0.20535714285714285,1.0
0.20386904761904762,1.0
0.20238095238095238,1.0
0.20089285714285715,1.0
0.19940476190476192,1.0
0.19642857142857142,1.0
0.1949404761904762,1.0
0.19345238095238096,1.0
0.19196428571428573,1.0
0.19047619047619047,1.0
0.18898809523809523,1.0
0.1875,1.0
0.18601190476190477,1.0
0.18452380952380953,1.0
0.18303571428571427,1.0
0.18154761904761904,1.0
0.1800595238095238,1.0
0.17857142857142858,1.0
0.17708333333333334,1.0
0.17559523809523808,1.0
0.17410714285714285,1.0
0.16964285714285715,1.0
0.16815476190476192,1.0
0.16666666666666666,1.0
0.16517857142857142,1.0
0.16071428571428573,1.0
0.15922619047619047,1.0
0.15773809523809523,1.0
0.15625,1.0
0.15476190476190477,1.0
0.15327380952380953,1.0
0.15178571428571427,1.0
0.14732142857142858,1.0
0.14583333333333334,1.0
0.14434523809523808,1.0
0.14285714285714285,1.0
0.14136904761904762,1.0
0.13988095238095238,1.0
0.13839285714285715,1.0
0.13690476190476192,1.0
0.13541666666666666,1.0
0.13392857142857142,1.0
0.1324404761904762,1.0
0.12946428571428573,1.0
0.12797619047619047,1.0
0.12648809523809523,1.0
0.125,1.0
0.12351190476190477,1.0
0.12202380952380952,1.0
0.12053571428571429,1.0
0.11904761904761904,1.0
0.11755952380952381,1.0
0.11607142857142858,1.0
0.11458333333333333,1.0
0.1130952380952381,1.0
0.11160714285714286,1.0
0.11011904761904762,1.0
0.10863095238095238,1.0
0.10714285714285714,1.0
0.1056547619047619,1.0
0.10267857142857142,1.0
0.10119047619047619,1.0
0.09970238095238096,1.0
0.09821428571428571,1.0
0.09672619047619048,1.0
0.09523809523809523,1.0
0.09375,1.0
0.09226190476190477,1.0
0.08928571428571429,1.0
0.08779761904761904,1.0
0.08630952380952381,1.0
0.08482142857142858,1.0
0.08333333333333333,1.0
0.0818452380952381,1.0
0.08035714285714286,1.0
0.07886904761904762,1.0
0.07738095238095238,1.0
0.07589285714285714,1.0
0.0744047619047619,1.0
0.07291666666666667,1.0
0.07142857142857142,1.0
0.06994047619047619,1.0
0.06845238095238096,1.0
0.06696428571428571,1.0
0.06547619047619048,1.0
0.06398809523809523,1.0
0.0625,1.0
0.05952380952380952,1.0
0.05803571428571429,1.0
0.05654761904761905,1.0
0.05505952380952381,1.0
0.05357142857142857,1.0
0.052083333333333336,1.0
0.050595238095238096,1.0
0.049107142857142856,1.0
0.047619047619047616,1.0
0.046130952380952384,1.0
0.044642857142857144,1.0
0.043154761904761904,1.0
0.041666666666666664,1.0
0.04017857142857143,1.0
0.03869047619047619,1.0
0.03720238095238095,1.0
0.03571428571428571,1.0
0.03422619047619048,1.0
0.03273809523809524,1.0
0.03125,1.0
0.028273809523809524,1.0
0.026785714285714284,1.0
0.025297619047619048,1.0
0.023809523809523808,1.0
0.022321428571428572,1.0
0.020833333333333332,1.0
0.019345238095238096,1.0
0.017857142857142856,1.0
0.01488095238095238,1.0
0.011904761904761904,1.0
0.010416666666666666,1.0
0.008928571428571428,1.0
0.00744047619047619,1.0
0.005952380952380952,1.0
0.004464285714285714,1.0
0.002976190476190476,1.0
0.001488095238095238,1.0
0.0,1.0
